-- MySQL dump 10.13  Distrib 8.0.16, for macos10.14 (x86_64)
--
-- Host: 127.0.0.1    Database: horror_movies
-- ------------------------------------------------------
-- Server version	8.0.16

/*!40101 SET @OLD_CHARACTER_SET_CLIENT=@@CHARACTER_SET_CLIENT */;
/*!40101 SET @OLD_CHARACTER_SET_RESULTS=@@CHARACTER_SET_RESULTS */;
/*!40101 SET @OLD_COLLATION_CONNECTION=@@COLLATION_CONNECTION */;
 SET NAMES utf8 ;
/*!40103 SET @OLD_TIME_ZONE=@@TIME_ZONE */;
/*!40103 SET TIME_ZONE='+00:00' */;
/*!40014 SET @OLD_UNIQUE_CHECKS=@@UNIQUE_CHECKS, UNIQUE_CHECKS=0 */;
/*!40014 SET @OLD_FOREIGN_KEY_CHECKS=@@FOREIGN_KEY_CHECKS, FOREIGN_KEY_CHECKS=0 */;
/*!40101 SET @OLD_SQL_MODE=@@SQL_MODE, SQL_MODE='NO_AUTO_VALUE_ON_ZERO' */;
/*!40111 SET @OLD_SQL_NOTES=@@SQL_NOTES, SQL_NOTES=0 */;

--
-- Table structure for table `Actors`
--

DROP TABLE IF EXISTS `Actors`;
/*!40101 SET @saved_cs_client     = @@character_set_client */;
 SET character_set_client = utf8mb4 ;
CREATE TABLE `Actors` (
  `idActors` int(11) NOT NULL AUTO_INCREMENT,
  `actorName` varchar(45) DEFAULT NULL,
  PRIMARY KEY (`idActors`),
  UNIQUE KEY `idActors_UNIQUE` (`idActors`)
) ENGINE=InnoDB AUTO_INCREMENT=2998 DEFAULT CHARSET=utf8mb4 COLLATE=utf8mb4_0900_ai_ci;
/*!40101 SET character_set_client = @saved_cs_client */;

--
-- Dumping data for table `Actors`
--

LOCK TABLES `Actors` WRITE;
/*!40000 ALTER TABLE `Actors` DISABLE KEYS */;
INSERT INTO `Actors` VALUES (1,'Luke Hawker'),(2,'Octavia Spencer'),(3,'Lupita Nyong\'o'),(4,'Aubrey Plaza'),(5,'Allison Williams'),(6,'Elizabeth Banks'),(7,'Jack Nicholson'),(8,'Jason Statham'),(9,'Toni Collette'),(10,'Bill Skarsgård'),(11,'Daniel Kaluuya'),(12,'Linda Cardellini'),(13,'Taylor Russell'),(14,'Jamie Lee Curtis'),(15,'James Brolin'),(16,'Emily Blunt'),(17,'Michael Fassbender'),(18,'Chloë Grace Moretz'),(19,'Jason Clarke'),(20,'Natalie Portman'),(21,'James McAvoy'),(22,'Jesse McCartney'),(23,'Sigourney Weaver'),(24,'Jessica Rothe'),(25,'David Harbour'),(26,'Sandra Bullock'),(27,'Demián Bichir'),(28,'Matt Dillon'),(29,'Carla Gugino'),(30,'Sofia Boutella'),(31,'Jovan Adepo'),(32,'Jennifer Lawrence'),(33,'Sissy Spacek'),(34,'Taylor Schilling'),(35,'Hiroki Hasegawa'),(36,'Patrick Wilson'),(37,'Stanley Tucci'),(38,'Elle Fanning'),(39,'Jemaine Clement'),(40,'Keanu Reeves'),(41,'Kathryn Prescott'),(42,'Idris Elba'),(43,'Jesse Eisenberg'),(44,'Anya Taylor-Joy'),(45,'Kristen Connolly'),(46,'Gary Oldman'),(47,'Srdjan \'Zika\' Todorovic'),(48,'Justin Long'),(49,'Neve Campbell'),(50,'Anthony LaPaglia'),(51,'Suki Waterhouse'),(52,'Jason Patric'),(53,'Anthony Perkins'),(55,'Nicolas Cage'),(56,'Jake Gyllenhaal'),(57,'Harvey Keitel'),(58,'Brad Pitt'),(59,'Catherine Hicks'),(60,'Simon Pegg'),(61,'Paolo Bonacelli'),(62,'Sid Haig'),(63,'Ellen Burstyn'),(65,'Maika Monroe'),(66,'Mandy Moore'),(67,'Felissa Rose'),(68,'Zach Galligan'),(69,'Vera Farmiga'),(70,'Donald Pleasence'),(71,'Dan Stevens'),(72,'John Gallagher Jr.'),(73,'Kurt Russell'),(74,'Rafe Spall'),(75,'Dennis Quaid'),(76,'Joel Edgerton'),(77,'Emma Roberts'),(78,'Ward Horton'),(79,'Essie Davis'),(81,'Wendi McLendon-Covey'),(82,'Betsy Palmer'),(83,'Blake Lively'),(84,'Jenna Kanell'),(85,'Johnny Depp'),(86,'Yoo Gong'),(87,'Logan Marshall-Green'),(88,'Michael Sheen'),(89,'Y\'lan Noel'),(90,'Scarlett Johansson'),(93,'Olga Kurylenko'),(94,'Stephen Lang'),(96,'Tilda Swinton'),(97,'Shay Mitchell'),(98,'Louis Jourdan'),(99,'Lorenza Izzo'),(100,'Heather Langenkamp'),(101,'Joey King'),(102,'Malcolm McDowell'),(103,'Lucy Hale'),(104,'Cillian Murphy'),(105,'Dale Midkiff'),(106,'Jack Nance'),(107,'Morjana Alaoui'),(108,'Harrison Ford'),(109,'Judah Lewis'),(110,'Bruce Campbell'),(111,'Virginia Gardner'),(112,'JoBeth Williams'),(113,'Heather Donahue'),(114,'Cary Elwes'),(115,'Kent Osborne'),(116,'Seána Kerslake'),(117,'Karen Gillan'),(118,'Brian Cox'),(119,'Lily Collins'),(120,'Jay Hernandez'),(121,'Hilary Duff'),(122,'Thomas Jane'),(123,'Aaron Moorhead'),(124,'Ethan Hawke'),(125,'Paul Bettany'),(126,'Salma Hayek'),(128,'Kodi Smit-McPhee'),(129,'Matilda Anna Ingrid Lutz'),(132,'Mike Vogel'),(134,'David Naughton'),(135,'Lin Shaye'),(137,'Natasha Henstridge'),(138,'Dieter Laser'),(139,'Anton Yelchin'),(141,'Jeffrey Wright'),(143,'John Goodman'),(144,'Devon Sawa'),(145,'Wesley Snipes'),(147,'Ross Lynch'),(148,'Jane Levy'),(149,'Gugu Mbatha-Raw'),(150,'Marilyn Burns'),(151,'Teresa Palmer'),(152,'Willem Dafoe'),(153,'Julianna Margulies'),(154,'Nicole Kidman'),(155,'Sabrina Kern'),(156,'Brendan Fraser'),(157,'Sennia Nanua'),(158,'Jack Black'),(159,'Jessica Harper'),(160,'Lauren German'),(161,'Odessa Young'),(162,'Ron Perlman'),(163,'Robert Kerman'),(164,'Takashi Shimura'),(165,'Michael Jai White'),(166,'Sarah Polley'),(167,'Claire Foy'),(168,'Mia Wasikowska'),(169,'Mia Farrow'),(170,'Fay Wray'),(171,'Greg Evigan'),(172,'Lily James'),(173,'Naomi Watts'),(174,'Megan Fox'),(175,'Renée Zellweger'),(176,'Christopher Rygh'),(177,'Shauna Macdonald'),(178,'Sarah Butler'),(179,'Radha Mitchell'),(180,'Jennifer Lopez'),(181,'Rachel Melvin'),(182,'Jared Padalecki'),(183,'Hannah Emily Anderson'),(184,'Emily Baldoni'),(185,'Edward Woodward'),(186,'Rajkummar Rao'),(187,'Jessica Biel'),(188,'Virginia Madsen'),(190,'Luke Evans'),(191,'Jeremy Renner'),(192,'Milla Jovovich'),(193,'Eliza Dushku'),(194,'Charlie Sheen'),(195,'Colin Woodell'),(196,'Ted Levine'),(197,'Kate Bosworth'),(198,'Jordana Brewster'),(199,'Robin Tunney'),(200,'Kevin Bacon'),(202,'Matt Passmore'),(203,'Daniel Radcliffe'),(204,'Perdita Weeks'),(206,'Cate Blanchett'),(207,'Dylan McDermott'),(208,'Madeline Brewer'),(209,'Adrien Brody'),(211,'Andrew Robinson'),(212,'Brittany Ashworth'),(213,'Kelly Reilly'),(215,'Rory Culkin'),(216,'Jon Voight'),(217,'Laurence Fishburne'),(218,'Graham Verchere'),(219,'William Atherton'),(220,'Olivia DeJonge'),(221,'Olivia Hussey'),(222,'Dane DeHaan'),(223,'Kristen Stewart'),(224,'Kate Beckinsale'),(225,'Jessica Chastain'),(226,'Roddy Piper'),(227,'Isabelle Adjani'),(228,'Elizabeth Reaser'),(229,'Ellen Page'),(230,'Tye Sheridan'),(232,'Allison Dawn Doiron'),(234,'Abbey Lee'),(235,'Michelle Trachtenberg'),(236,'Rod Taylor'),(237,'Pamela Springsteen'),(239,'Brittany Snow'),(241,'Jeff Daniels'),(243,'Nicholas Hoult'),(244,'Tyler Labine'),(245,'Jeff Goldblum'),(247,'Byung-Hun Lee'),(248,'Alexandra Daddario'),(249,'William Petersen'),(250,'Benjamin Walker'),(251,'Keith Gordon'),(253,'Scout Taylor-Compton'),(254,'Robert Englund'),(255,'Steven Strait'),(256,'Lauren Cohan'),(257,'Caitlin Gerard'),(259,'Treat Williams'),(260,'Ryan Reynolds'),(261,'Tony Shalhoub'),(262,'Josh Hartnett'),(264,'Antonio Banderas'),(265,'Nat Wolff'),(266,'Rose McGowan'),(267,'Elisabeth Shue'),(270,'Albert Finney'),(271,'William Katt'),(272,'James Allen McCune'),(273,'Jun Kunimura'),(275,'Sheryl Lee'),(277,'Jordan Ladd'),(278,'Karl Urban'),(279,'Helen Mirren'),(280,'Cathy Podewell'),(281,'Kåre Hedebrant'),(282,'Adam Sandler'),(283,'Saxon Sharbino'),(284,'Dustin Hoffman'),(285,'Erich Anderson'),(286,'Scott Speedman'),(287,'David Tennant'),(288,'Garret Dillahunt'),(289,'Jennifer Tilly'),(290,'Kristy Swanson'),(291,'Chad Michael Murray'),(292,'Andre Gower'),(293,'Danny Glover'),(294,'Jeff Bridges'),(295,'Rick Moranis'),(296,'Warwick Davis'),(297,'Mary Elizabeth Winstead'),(298,'Pollyanna McIntosh'),(299,'Michael J. Fox'),(300,'Patrick Brice'),(301,'Simone Landers'),(302,'Jennifer Love Hewitt'),(303,'Natasha Calis'),(304,'Max Schreck'),(305,'Andy Nyman'),(306,'George MacKay'),(307,'Mickey Rourke'),(309,'Christina Hendricks'),(310,'Adelaide Clemens'),(311,'AnnaSophia Robb'),(312,'Alex Vincent'),(313,'Dana Kimmell'),(314,'India Eisley'),(316,'Arnold Schwarzenegger'),(317,'Bridget Fonda'),(318,'Cian Barry'),(320,'Stephen Dorff'),(321,'Sohum Shah'),(322,'Roy Scheider'),(323,'Tom Hiddleston'),(324,'Garance Marillier'),(325,'Billy Warlock'),(326,'A.J. Cook'),(328,'Sanaa Lathan'),(329,'Odette Annable'),(330,'Camille Keaton'),(331,'Jackie Earle Haley'),(332,'Sam Gittins'),(333,'Gregory Peck'),(336,'Peter Weller'),(337,'Crystal Reed'),(338,'Zoey Deutch'),(339,'Halle Berry'),(340,'Sharni Vinson'),(341,'Jess Weixler'),(342,'Melanie Kinnaman'),(343,'Douglas Smith'),(344,'Kang-ho Song'),(345,'Kate Mara'),(346,'Julie Christie'),(347,'Brandon Quintin Adams'),(348,'Yvonne Strahovski'),(349,'Shawn Ashmore'),(350,'Domhnall Gleeson'),(351,'Alison Lohman'),(352,'Sam Neill'),(354,'David Emge'),(356,'Katie Featherston'),(357,'Meryl Streep'),(358,'Sarah Michelle Gellar'),(360,'Clu Gulager'),(363,'Daniella Pineda'),(365,'Benicio Del Toro'),(366,'Allegra Masters'),(367,'Anjelica Huston'),(368,'Chris Sarandon'),(369,'Steve Howey'),(370,'David Arquette'),(372,'Liam Neeson'),(374,'Aidan Devine'),(375,'Gage Golightly'),(376,'Susanne Lothar'),(377,'Belén Rueda'),(378,'Gina Philips'),(379,'Eili Harboe'),(380,'Aleksandra Cwen'),(381,'Manuela Velasco'),(382,'Sheri Moon Zombie'),(383,'Laura Linney'),(384,'Tim Robbins'),(385,'Heather Sossaman'),(386,'Sandra Escacena'),(387,'Dylan Minnette'),(388,'Dick Durock'),(390,'Freddie Prinze Jr.'),(391,'Danielle Panabaker'),(393,'Brian Krause'),(394,'Nick Zano'),(395,'Nathan Fillion'),(396,'Ray Stevenson'),(397,'James Woods'),(398,'Elijah Wood'),(399,'Donald Sutherland'),(401,'Brad Dourif'),(402,'Chantal Quesnelle'),(405,'Fairuza Balk'),(406,'Duane Jones'),(408,'Nastassja Kinski'),(409,'Adam Scott'),(411,'Sandra Peabody'),(412,'Dermot Mulroney'),(414,'Nicholas D\'Agosto'),(416,'Sean Harris'),(417,'Laurence R. Harvey'),(419,'John Cusack'),(420,'Nora-Jane Noone'),(421,'Thom Mathews'),(422,'Eric Bana'),(423,'Christopher Abbott'),(425,'Morgan Freeman'),(426,'Keri Russell'),(428,'Nathan Jones'),(429,'Billy Zane'),(431,'Frank Grillo'),(432,'Jackson Davis'),(434,'Evan Williams'),(435,'Peter Horton'),(436,'Olivia Cooke'),(437,'Shawnee Smith'),(438,'Timothy Balme'),(439,'Lorraine Gary'),(440,'Corbin Bernsen'),(441,'Jeff Roop'),(442,'Elliot Cowan'),(444,'Hal Holbrook'),(445,'Amber Heard'),(447,'Amanda Seyfried'),(448,'Junko Iwao'),(451,'Justin Whalin'),(452,'Kane Hodder'),(453,'Florence Pugh'),(454,'Jemma Dallender'),(455,'Colin O\'Donoghue'),(456,'Dan Aykroyd'),(457,'Nadia Alexander'),(458,'Ruth Wilson'),(459,'Oris Erhuero'),(462,'Reiko Aylesworth'),(465,'Damson Idris'),(466,'Nathan Phillips'),(468,'Samuel Le Bihan'),(469,'Lori Cardille'),(472,'Geoffrey Rush'),(473,'Andree Maranda'),(474,'David Thewlis'),(475,'Cécile de France'),(476,'Jeffrey Combs'),(477,'Dee Wallace'),(479,'Adrienne Barbeau'),(480,'Jensen Ackles'),(481,'Ashly Burch'),(483,'Adar Beck'),(485,'Emily Browning'),(487,'Lily-Rose Depp'),(488,'Emilio Estevez'),(489,'Holly Goss'),(491,'Sarah Snook'),(492,'Paul Williams'),(493,'Ryo Ishibashi'),(494,'Gary Busey'),(495,'Vince Vaughn'),(497,'Michael Moriarty'),(499,'Tobin Bell'),(500,'Robert De Niro'),(501,'Saoirse Ronan'),(502,'Sarah Bolger'),(503,'Adrian Pasdar'),(504,'Jill Larson'),(505,'Sam Rockwell'),(506,'Taissa Farmiga'),(509,'Hannibal Buress'),(510,'Steve Railsback'),(511,'Cynthea Mercado'),(512,'Terry Kiser'),(513,'Vanessa Paradis'),(514,'James Ransone'),(515,'Olivia Wilde'),(516,'Catherine Mary Stewart'),(517,'Alycia Debnam-Carey'),(518,'Anna Paquin'),(519,'Wallace Ford'),(520,'Jude Law'),(521,'George Kennedy'),(522,'Dong-Gun Jang'),(524,'Emile Hirsch'),(526,'Patrick John Flueger'),(527,'Lachlan Buchanan'),(528,'Barbara Hershey'),(529,'Jonathan Cherry'),(530,'Kiefer Sutherland'),(532,'Andrew Keir'),(533,'Alan Bagh'),(534,'Ryan Kwanten'),(535,'Takayuki Hamatsu'),(536,'Nick Carter'),(537,'Anders Danielsen Lie'),(538,'Kevin Durand'),(539,'Eddie Redmayne'),(540,'Kevin Zegers'),(541,'Aaliyah'),(542,'Donnie Wahlberg'),(543,'Aaron Poole'),(544,'Catherine Parker'),(545,'Hermione Corfield'),(546,'Brittany Allen'),(547,'Jensen Daggett'),(548,'Jennifer Carpenter'),(549,'Alysson Paradis'),(550,'Michael Shannon'),(551,'Chris Pine'),(552,'Dennis Hopper'),(553,'Chris Messina'),(554,'Josh Stewart'),(555,'Linda Miller'),(557,'Hattie Smith'),(558,'Natalie Dormer'),(559,'Sean Gullette'),(560,'Bette Davis'),(561,'Taraji P. Henson'),(562,'Calvin Reeder'),(563,'Tadanobu Asano'),(564,'Stephen Dunham'),(565,'Stan Shaw'),(566,'Topher Grace'),(570,'Vinnie Jones'),(572,'Jennifer Jason Leigh'),(573,'Warren Christie'),(574,'Evangeline Lilly'),(575,'Christopher Walken'),(577,'Maximiliano Ghione'),(579,'Aaron Eckhart'),(581,'Kap-su Kim'),(582,'Katee Sackhoff'),(583,'Lou Taylor Pucci'),(585,'Sam Strike'),(586,'Ben Stiller'),(587,'Richard Carlson'),(588,'James Franco'),(589,'Tom Atkins'),(590,'William Hurt'),(592,'Shelley Winters'),(593,'Hani Furstenberg'),(594,'Kristanna Loken'),(595,'Grant Bardsley'),(596,'Dru-Anne Perry'),(598,'A. Michael Baldwin'),(599,'Damian Walshe-Howling'),(600,'Jennifer O\'Neill'),(602,'Lukas Schwarz'),(603,'Kyle MacLachlan'),(605,'Adam Bousdoukos'),(606,'Paul Sorvino'),(607,'Emily Perkins'),(608,'Craig Sheffer'),(609,'Sean Bean'),(610,'Neville Archambault'),(611,'Michael Parks'),(612,'Johnny Galecki'),(613,'Terry O\'Quinn'),(615,'Cassandra Peterson'),(616,'Jared Leto'),(619,'Richard Brancatisano'),(620,'Dylan Postl'),(621,'Grant Cramer'),(623,'Neil Maskell'),(624,'Jason London'),(625,'Emma Booth'),(626,'Jon Foster'),(628,'Briana Evigan'),(629,'Otto Jespersen'),(630,'Zach Dulin'),(631,'Charlie Blackwood'),(632,'George C. Scott'),(633,'Ruth Ramos'),(634,'John D. LeMay'),(635,'Andy Powers'),(636,'Kevin Costner'),(637,'Terry Potter'),(638,'Kate McNeil'),(639,'Brooke Butler'),(640,'Sean Pertwee'),(641,'Helen McCrory'),(642,'Patricia Arquette'),(643,'Jesse Vint'),(644,'Tara Basro'),(646,'Katharine Ross'),(647,'Richard Gere'),(648,'Charlotte Vega'),(649,'Macaulay Culkin'),(650,'Kenneth Tobey'),(651,'Brian Matthews'),(652,'Eddie Murphy'),(653,'Brenton Thwaites'),(654,'Zoe Kazan'),(655,'Catherine Deneuve'),(656,'Tisa Farrow'),(657,'Colin Clive'),(658,'Eva Bourne'),(660,'Jeremy Irons'),(662,'Elizabeth Berridge'),(663,'Raymond Burr'),(664,'Sheila Vand'),(665,'Marisa Paredes'),(666,'Kate Hudson'),(669,'Kent McCord'),(671,'Leslie Nielsen'),(672,'Morris Chestnut'),(673,'Gerard Butler'),(674,'John Ralston'),(675,'Marilyn Chambers'),(676,'Mira Sorvino'),(677,'Paz de la Huerta'),(678,'Paul Kelman'),(680,'James Marsden'),(681,'Michael Vartan'),(682,'Jeffrey Donovan'),(683,'Jeff Fahey'),(684,'Edward Albert'),(686,'Jack MacGowran'),(687,'Nicholas Braun'),(688,'Julie Harris'),(689,'Simone Simon'),(690,'Lance Henriksen'),(691,'Katie Maguire'),(692,'Sunny Leone'),(694,'Diana Glenn'),(696,'Karan Soni'),(697,'Edward Furlong'),(698,'Daniella Alonso'),(699,'Klaus Kinski'),(700,'Ella Hunt'),(701,'Bruce Dern'),(702,'Michael Paul Stephenson'),(703,'Lauren Ambrose'),(704,'Blanchard Ryan'),(705,'Doug McClure'),(706,'Michelle Michaels'),(707,'Chris Isaak'),(709,'Cristina Raines'),(710,'Kellan Lutz'),(711,'John Leguizamo'),(714,'Scott Patterson'),(715,'Michael J. Reynolds'),(716,'Alex Rebar'),(717,'Dana Andrews'),(718,'Aaron Pedersen'),(719,'Penelope Ann Miller'),(720,'Tyler Perry'),(722,'Lisa Schrage'),(723,'Jennifer Connelly'),(724,'Kevin Corrigan'),(725,'Suze Lanier-Bramlett'),(726,'Kandido Uranga'),(727,'Takurô Tatsumi'),(728,'Lilli Palmer'),(729,'Zhang Wen'),(731,'Guy Pearce'),(732,'AnnaLynne McCord'),(733,'Sophie Skelton'),(734,'Tom Neyman'),(737,'Denise Richards'),(738,'Bela Lugosi'),(739,'Rose Leslie'),(742,'Mamoru Miyano'),(743,'Henry Cavill'),(744,'Chiharu Niiyama'),(745,'Camilla Belle'),(748,'Ben Wilkinson'),(749,'Logan Paul'),(750,'Frank Langella'),(751,'Shree Crooks'),(752,'Vinessa Shaw'),(753,'Brianna Hildebrand'),(754,'Laurie Holden'),(756,'Robert John Burke'),(757,'Katharine Isabelle'),(758,'Gregory Walcott'),(759,'Val Kilmer'),(760,'Karim Abdel Aziz'),(762,'Chris Sharp'),(763,'Kelli Maroney'),(764,'Pierre Brasseur'),(765,'Michael Rooker'),(766,'Reina Triendl'),(767,'Martin Kemp'),(768,'Doug Bradley'),(769,'Franka Potente'),(770,'Blanca Suárez'),(772,'Steven Yeun'),(773,'Christian Slater'),(774,'Zachery Byrd'),(775,'Skeet Ulrich'),(777,'Ali Cobrin'),(778,'Leigh McCloskey'),(780,'Kevin McCarthy'),(781,'Arye Gross'),(782,'Dominic Rains'),(783,'Mike Epps'),(784,'Stephen Spinella'),(785,'Julian Sands'),(786,'David Carradine'),(787,'Stellan Skarsgård'),(788,'Luis Tosar'),(790,'Jocelin Donahue'),(791,'Sean Astin'),(792,'Julianne Moore'),(793,'Scott Bakula'),(794,'James Caan'),(795,'Bruce Greenwood'),(796,'Xavier Samuel'),(797,'Ethan Embry'),(800,'Drew Barrymore'),(801,'David Hemmings'),(802,'Karra Elejalde'),(804,'Bradford Dillman'),(805,'Patrick Wymark'),(806,'John Heard'),(807,'Rebecca Hall'),(809,'Farrah Fawcett'),(810,'Munro Chambers'),(811,'Josh Duhamel'),(812,'Moritz Bleibtreu'),(813,'Dyanne Thorne'),(814,'Emily Bergl'),(815,'Piper Perabo'),(816,'Rachel Korine'),(817,'Steve Oram'),(824,'Christina Ricci'),(826,'Chaney Kley'),(828,'Noomi Rapace'),(829,'Narges Rashidi'),(830,'Jonathan Breck'),(833,'Lewis Fiander'),(834,'David Caruso'),(836,'Ann Dowd'),(837,'Allison Hayes'),(838,'Christopher Reeve'),(842,'Benoît Poelvoorde'),(843,'Jason Lively'),(844,'Sara Paxton'),(845,'Charles George Hildebrandt'),(846,'Terry Farrell'),(847,'Liev Schreiber'),(848,'Sophie Cookson'),(849,'Richard Harris'),(850,'Winona Ryder'),(851,'Haylie Duff'),(852,'Sarah Hyland'),(853,'Tony Todd'),(854,'Kevin Gage'),(855,'Lucas Till'),(856,'Shea Whigham'),(857,'Toby Wallace'),(860,'Kirk Douglas'),(861,'Federico Luppi'),(862,'Thomas Lennon'),(863,'Peter Cushing'),(864,'Robbie Kay'),(865,'Mike Lackey'),(866,'Natalie Brown'),(868,'Thora Birch'),(870,'Navi Rawat'),(871,'Madeleine Coghlan'),(872,'William Ragsdale'),(873,'Shiloh Fernandez'),(874,'Heather O\'Rourke'),(875,'Angela Bettis'),(876,'Casey Affleck'),(878,'Hilary Swank'),(880,'Werner Krauss'),(881,'Michael Reilly Burke'),(882,'Kevin Van Hentenryck'),(883,'John Malkovich'),(884,'Steve McQueen'),(885,'Nanako Matsushima'),(886,'Tammy Lauren'),(887,'Javed Jaffrey'),(888,'Alexander Skarsgård'),(890,'Kate Hodge'),(891,'Ed Speleers'),(892,'Vicky Dawson'),(893,'Jessica Alba'),(894,'Anthony Franciosa'),(895,'Amanda Schull'),(897,'Oliver Reed'),(898,'Simone Signoret'),(899,'Ananda Everingham'),(900,'Melissa Sue Anderson'),(901,'Bill Sage'),(902,'Rutger Hauer'),(903,'Chloë Levine'),(904,'Amanda Donohoe'),(905,'Corey Feldman'),(907,'Tom Everett Scott'),(908,'Dougray Scott'),(910,'Lawrence Michael Levine'),(911,'Brian Salzberg'),(912,'Randy Quaid'),(913,'Gordon Kennedy'),(914,'Lee Pace'),(915,'Ezra Godden'),(916,'Agnes Bruckner'),(917,'Rick Hearst'),(918,'Robert Forster'),(920,'Maria Bello'),(921,'Karina Testa'),(922,'Chris Jai Alex'),(923,'Catriona MacColl'),(924,'Marta Mazurek'),(925,'Rossif Sutherland'),(926,'Craig Wasson'),(927,'Stacy Chbosky'),(928,'Lee Horsley'),(929,'Katie Holmes'),(930,'Haruma Miura'),(931,'Meera Rohit Kumbhani'),(932,'Dominic Monaghan'),(934,'Urbano Barberini'),(935,'William Holden'),(936,'Jay Chandrasekhar'),(937,'Richard Burton'),(939,'Thure Lindhardt'),(940,'Rosalind Allen'),(941,'Ashleigh Craig'),(943,'Max Thieriot'),(944,'Alex Essoe'),(945,'Zazie Beetz'),(946,'Abigail Breslin'),(947,'Jonathan Haze'),(948,'Jodie Foster'),(949,'Jenna Jameson'),(950,'David Duchovny'),(951,'Rodleen Getsic'),(952,'Karlheinz Böhm'),(955,'Demi Moore'),(956,'Paul Hampton'),(957,'John Jarratt'),(958,'Casey Gagliardi'),(960,'Robert Lansing'),(961,'Chase Williamson'),(963,'Fran Kranz'),(964,'Johnny Strong'),(966,'Joe Spinell'),(967,'Sylvester Stallone'),(968,'James Whitmore'),(969,'Tom Welling'),(970,'James Spader'),(971,'Jared Harris'),(972,'Parry Shen'),(973,'Anne Hathaway'),(974,'Audrey Hepburn'),(975,'Nick Damici'),(976,'Bingbing Li'),(977,'Max von Sydow'),(978,'Scott Glenn'),(979,'Ahmed Dawood'),(980,'Christopher Lee'),(981,'Ray Wise'),(982,'Michael Douglas'),(983,'Luke Prael'),(984,'Kimiko Ikegami'),(985,'Masaaki Daimon'),(986,'Christopher George'),(987,'Jason Beghe'),(988,'Kelly Connaire'),(989,'Milo Cawthorne'),(991,'Mark Webber'),(993,'Akira Kubo'),(994,'Tony Lo Bianco'),(995,'Candace Hilligoss'),(996,'Karen Black'),(998,'Amber Tamblyn'),(999,'Eric Stoltz'),(1000,'Rose Byrne'),(1001,'Diana Silvers'),(1002,'Winston Duke'),(1003,'Mark Hamill'),(1004,'Logan Browning'),(1005,'David Denman'),(1006,'Shelley Duvall'),(1008,'Milly Shapiro'),(1009,'Jaeden Martell'),(1011,'Raymond Cruz'),(1012,'Logan Miller'),(1013,'Judy Greer'),(1014,'Kathleen Lloyd'),(1015,'John Krasinski'),(1016,'Katherine Waterston'),(1018,'Amy Seimetz'),(1021,'Jonathan Sadowski'),(1022,'Tom Skerritt'),(1023,'Israel Broussard'),(1025,'Trevante Rhodes'),(1027,'Bruno Ganz'),(1029,'Romain Guillermic'),(1030,'Wyatt Russell'),(1031,'Javier Bardem'),(1032,'Piper Laurie'),(1033,'Jackson Robert Scott'),(1034,'Yutaka Takenouchi'),(1036,'Kiernan Shipka'),(1038,'Taika Waititi'),(1039,'Rachel Weisz'),(1040,'Tyler Young'),(1041,'Matthew McConaughey'),(1042,'Emma Stone'),(1043,'Ralph Ineson'),(1044,'Chris Hemsworth'),(1046,'Sergej Trifunovic'),(1048,'Courteney Cox'),(1049,'Samara Lee'),(1050,'Jason Momoa'),(1051,'Corey Haim'),(1052,'Janet Leigh'),(1054,'Andrea Riseborough'),(1055,'Rebecca Ferguson'),(1056,'George Clooney'),(1057,'Mireille Enos'),(1059,'Nick Frost'),(1060,'Laura Betti'),(1064,'Keir Gilchrist'),(1065,'Claire Holt'),(1066,'Jonathan Tiersten'),(1067,'Phoebe Cates'),(1070,'Richard Elfyn'),(1071,'Kate Siegel'),(1073,'Arsher Ali'),(1074,'Meagan Good'),(1077,'Annabelle Wallis'),(1078,'Noah Wiseman'),(1079,'Rene Russo'),(1080,'Madison Iseman'),(1081,'Adrienne King'),(1082,'Óscar Jaenada'),(1083,'Samantha Scaffidi'),(1084,'Michelle Pfeiffer'),(1085,'Yu-mi Jung'),(1086,'Emayatzy Corinealdi'),(1087,'Margot Robbie'),(1088,'Lex Scott Davis'),(1089,'Jeremy McWilliams'),(1091,'Wilford Brimley'),(1092,'Craig Conway'),(1094,'Charles S. Dutton'),(1096,'Grey Damon'),(1098,'Ariel Levy'),(1100,'Julia Goldani Telles'),(1101,'Richard Brake'),(1102,'Tyler Posey'),(1103,'Naomie Harris'),(1104,'Denise Crosby'),(1105,'Charlotte Stewart'),(1106,'Mylène Jampanoï'),(1108,'Samara Weaving'),(1109,'Ellen Sandweiss'),(1110,'Christina Masterson'),(1112,'Michael C. Williams'),(1113,'Leigh Whannell'),(1114,'Dylan Sprouse'),(1115,'James Quinn Markey'),(1118,'Jamie Campbell Bower'),(1119,'Derek Richardson'),(1120,'Jonathan Bennett'),(1121,'Marcia Gay Harden'),(1122,'Justin Benson'),(1123,'Lena Headey'),(1125,'Vincent Cassel'),(1126,'Juliet Rylance'),(1128,'Kevin Janssens'),(1129,'Peter Sarsgaard'),(1131,'Jessica Lucas'),(1132,'Cam Gigandet'),(1133,'Jenny Agutter'),(1136,'Michael Madsen'),(1137,'Ashley C. Williams'),(1138,'Imogen Poots'),(1141,'Molly Parker'),(1143,'Ali Larter'),(1145,'Tom Cruise'),(1146,'Alex Wolff'),(1148,'David Oyelowo'),(1149,'Edwin Neal'),(1150,'Gabriel Bateman'),(1151,'Charlotte Gainsbourg'),(1152,'Gabriel Byrne'),(1153,'Christopher Eccleston'),(1154,'Carolyn Hennesy'),(1155,'Jet Li'),(1156,'Fisayo Akinade'),(1158,'Stefania Casini'),(1159,'Heather Matarazzo'),(1160,'Abra'),(1161,'Doug Jones'),(1162,'Francesca Ciardi'),(1163,'Akihiko Hirata'),(1165,'Ving Rhames'),(1166,'Joshua Leonard'),(1168,'John Cassavetes'),(1169,'Robert Armstrong'),(1170,'Nancy Everhard'),(1171,'Sam Riley'),(1172,'Martin Henderson'),(1174,'Ian McShane'),(1175,'Cora Kaufman'),(1176,'Natalie Mendoza'),(1177,'Jeff Branson'),(1180,'Cortney Palm'),(1181,'Amanda Righetti'),(1183,'Maury Sterling'),(1185,'Shraddha Kapoor'),(1186,'Jonathan Tucker'),(1187,'Xander Berkeley'),(1188,'Helena Bonham Carter'),(1189,'Dominic Cooper'),(1190,'Gemma Arterton'),(1191,'Michelle Rodriguez'),(1192,'Jeremy Sisto'),(1193,'Nick Cassavetes'),(1194,'Stephanie Nogueras'),(1195,'Kathleen Quinlan'),(1197,'Clea DuVall'),(1200,'Fred Ward'),(1202,'Juno Temple'),(1203,'Ben Feldman'),(1204,'Timothy Olyphant'),(1206,'Charlie Plummer'),(1207,'Patch Darragh'),(1209,'Tim Roth'),(1210,'Clare Higgins'),(1211,'Grégory Fitoussi'),(1214,'Emory Cohen'),(1218,'Blythe Auffarth'),(1219,'Ed Oxenbould'),(1220,'Keir Dullea'),(1221,'Jason Isaacs'),(1222,'Lars Eidinger'),(1223,'Theo James'),(1224,'Nikolaj Coster-Waldau'),(1225,'Keith David'),(1227,'Lulu Wilson'),(1228,'Diego Luna'),(1230,'Ryan Guzman'),(1233,'Ciarán Hinds'),(1235,'Tippi Hedren'),(1236,'Renée Estevez'),(1238,'June Squibb'),(1239,'Amy Steel'),(1241,'Embeth Davidtz'),(1243,'Alan Tudyk'),(1244,'Geena Davis'),(1246,'Min-sik Choi'),(1247,'Tania Raymonde'),(1248,'Kim Greist'),(1249,'Rufus Sewell'),(1250,'John Stockwell'),(1251,'Kris Kristofferson'),(1253,'Ken Kirzinger'),(1254,'Sebastian Stan'),(1255,'Rupert Evans'),(1258,'Famke Janssen'),(1259,'Melissa George'),(1260,'Shannon Elizabeth'),(1262,'Iain Glen'),(1263,'Elena Anaya'),(1264,'LaKeith Stanfield'),(1265,'Freddy Rodríguez'),(1266,'Jerry O\'Connell'),(1269,'Diane Venora'),(1270,'Kay Lenz'),(1271,'Callie Hernandez'),(1272,'Jung-min Hwang'),(1273,'Cole Hauser'),(1275,'Selma Blair'),(1276,'Rider Strong'),(1277,'Rosamund Pike'),(1279,'Alvin Alexis'),(1280,'Lina Leandersson'),(1281,'Kevin James'),(1282,'Mitchell Edwards'),(1283,'Sharon Stone'),(1284,'Judie Aronson'),(1285,'Liv Tyler'),(1286,'Robert Sheehan'),(1287,'Monica Potter'),(1290,'Paris Hilton'),(1291,'Robby Kiger'),(1293,'Charles Grodin'),(1294,'Ellen Greene'),(1295,'Jennifer Aniston'),(1296,'Ryan Merriman'),(1297,'Brandon Gerald Fuller'),(1298,'Trini Alvarado'),(1299,'Mark Duplass'),(1300,'Martin Freeman'),(1302,'Jeffrey Dean Morgan'),(1303,'Alexander Granach'),(1309,'Kit Harington'),(1310,'Uma Thurman'),(1312,'Tracie Savage'),(1316,'Bill Pullman'),(1317,'Abigail Hardingham'),(1319,'Lili Taylor'),(1320,'Jyoti Malshe'),(1323,'Ella Rumpf'),(1324,'Devin DeVasquez'),(1326,'Colin Farrell'),(1329,'Eron Tabor'),(1330,'Rooney Mara'),(1331,'Neerja Naik'),(1332,'Lee Remick'),(1333,'Janet McTeer'),(1334,'Sarah Berry'),(1335,'Richard Crenna'),(1336,'Mylène Farmer'),(1337,'Lucy Fry'),(1338,'Evie Thompson'),(1339,'Joe Swanberg'),(1340,'John Hensley'),(1341,'John Shepherd'),(1342,'Lucien Laviscount'),(1343,'Hee-Bong Byun'),(1346,'Everett McGill'),(1347,'Anna Pniowsky'),(1348,'Jena Malone'),(1349,'Will Poulter'),(1351,'Jürgen Prochnow'),(1352,'Ben Foster'),(1353,'Ken Foree'),(1355,'Micah Sloat'),(1356,'Bruce Willis'),(1357,'Jason Behr'),(1358,'Tony Goldwyn'),(1359,'James Karen'),(1360,'Heather Graham'),(1362,'Austin Amelio'),(1363,'Bette Midler'),(1364,'Anthony Hopkins'),(1365,'Aimee McKay'),(1366,'Mai Zetterling'),(1368,'Diora Baird'),(1369,'Kari Wuhrer'),(1371,'Catherine Zeta-Jones'),(1373,'Ava Preston'),(1374,'Matthew Daddario'),(1375,'Ulrich Mühe'),(1376,'Fernando Cayo'),(1378,'Kaya Wilkins'),(1379,'Celina Peter'),(1380,'Ferran Terraza'),(1381,'Meg Foster'),(1382,'Tom Wilkinson'),(1383,'Elizabeth Peña'),(1384,'Matthew Bohrer'),(1385,'Bruna González'),(1386,'Piercey Dalton'),(1387,'Heather Locklear'),(1388,'Tyler Hoechlin'),(1392,'Mädchen Amick'),(1393,'Krista Allen'),(1395,'David Oakes'),(1396,'Debbie Harry'),(1397,'Nora Arnezeder'),(1398,'Brooke Adams'),(1399,'Sienna Guillory'),(1401,'Fiona Dourif'),(1403,'Sheila Kelley'),(1404,'Nicol Williamson'),(1405,'Judith O\'Dea'),(1410,'Lucy Grantham'),(1411,'Stefanie Scott'),(1412,'Luke Wilson'),(1413,'Emma Bell'),(1414,'Hayley McFarland'),(1415,'Alun Armstrong'),(1416,'Ashlynn Yennie'),(1418,'Samuel L. Jackson'),(1419,'Alexandra Park'),(1420,'Jennifer Cooke'),(1421,'Edgar Ramírez'),(1423,'Jim Sturgess'),(1425,'Jake Brennan'),(1426,'Michael Ealy'),(1427,'Bill Moseley'),(1428,'Kelly Brook'),(1430,'Carmen Ejogo'),(1431,'Cayleb Long'),(1432,'Elizabeth Mitchell'),(1433,'Annabelle Stephenson'),(1434,'Linda Hamilton'),(1435,'Ana Coto'),(1436,'Kevin Dillon'),(1437,'Diana Peñalver'),(1438,'Lance Guest'),(1439,'Oksana Orlan'),(1440,'Missy Peregrym'),(1442,'Bojana Novakovic'),(1444,'Anson Mount'),(1446,'Lukas Haas'),(1447,'Rica Matsumoto'),(1449,'Penélope Cruz'),(1450,'Perrey Reeves'),(1451,'Lexa Doig'),(1452,'Ben Lloyd-Hughes'),(1453,'Joe Absolom'),(1455,'Albert Brooks'),(1456,'Toby Nichols'),(1457,'Paula Prentiss'),(1458,'Carlos Gallardo'),(1460,'Alex Roe'),(1461,'Steven Pasquale'),(1462,'Levi Miller'),(1464,'Frank Dillane'),(1465,'Cassandra Magrath'),(1466,'Bess Armstrong'),(1467,'Mark Dacascos'),(1468,'Terry Alexander'),(1469,'Tyler Mane'),(1470,'Matt Bomer'),(1472,'Mitch Cohen'),(1473,'Marlon Brando'),(1474,'Maïwenn'),(1475,'Bruce Abbott'),(1476,'Daniel Hugh Kelly'),(1477,'Andy Samberg'),(1479,'Jaime King'),(1480,'Bryce Papenbrook'),(1481,'Tracy Griffith'),(1482,'Gemma Chan'),(1484,'Arielle Kebbel'),(1485,'Maria Conchita Alonso'),(1486,'Harley Quinn Smith'),(1487,'Pat Hingle'),(1488,'Matt Stokoe'),(1491,'William Finley'),(1492,'Eihi Shiina'),(1494,'Anne Heche'),(1496,'Andrea Marcovicci'),(1497,'Cher'),(1498,'Costas Mandylor'),(1499,'Dakota Fanning'),(1501,'Carly Adams'),(1502,'Jenny Wright'),(1503,'Anne Ramsay'),(1504,'Rosemarie DeWitt'),(1505,'Malin Akerman'),(1506,'Max Riemelt'),(1507,'M. Emmet Walsh'),(1508,'George Clinton'),(1509,'Mathilda May'),(1510,'Stephen Conroy'),(1511,'Jennifer Banko'),(1512,'Nicolas Maury'),(1513,'Shannyn Sossamon'),(1516,'William Moseley'),(1518,'Leila Hyams'),(1520,'Lois Chiles'),(1521,'Hyun Bin'),(1522,'Ryan Phillippe'),(1523,'Olivia Thirlby'),(1524,'Ashley Sommers'),(1526,'Puja Mohindra'),(1527,'Ron Silver'),(1528,'Tyron Leitso'),(1530,'Kenneth Branagh'),(1531,'Valerie Leon'),(1532,'Whitney Moore'),(1533,'Amber Valletta'),(1534,'Yuzuki Akiyama'),(1535,'Carrie Keagan'),(1536,'Golshifteh Farahani'),(1540,'Stuart Townsend'),(1541,'Beverley Mitchell'),(1542,'Kenneth Welsh'),(1543,'Courtney Bell'),(1544,'Denise Dal Vera'),(1545,'Freddie Stroma'),(1547,'Steve Harris'),(1548,'Jean-Baptiste Tabourin'),(1551,'Caroline Williams'),(1552,'Caroline Dhavernas'),(1553,'Andrea Roth'),(1554,'Mildred Clinton'),(1556,'Zac Titus'),(1557,'Eoin Macken'),(1558,'Mark Margolis'),(1559,'Joan Crawford'),(1561,'Lane Hughes'),(1562,'Nao Ohmori'),(1564,'Gabrielle Haugh'),(1565,'Patricia Clarkson'),(1566,'Mark Patton'),(1567,'Colin Firth'),(1568,'Zachary David Cope'),(1569,'Bradley Cooper'),(1570,'Imogen Waterhouse'),(1571,'Bella Thorne'),(1572,'Lloyd Owen'),(1573,'Owen Atlas'),(1574,'Elias Koteas'),(1575,'Daniel Baldwin'),(1576,'Norberto Gonzalo'),(1577,'Mamie Gummer'),(1578,'Bill Nighy'),(1579,'Ossie Davis'),(1580,'Jung-ah Yum'),(1581,'Lucy Boynton'),(1582,'Nadia Hilker'),(1586,'Julie Adams'),(1587,'Scott Haze'),(1588,'Stacey Nelkin'),(1589,'Blair Brown'),(1591,'Mark Lester'),(1592,'Ishai Golan'),(1593,'Ben Kingsley'),(1594,'Freddie Jones'),(1595,'Gina Calabrese'),(1596,'Ok-bin Kim'),(1597,'Bill Thornbury'),(1598,'Gyton Grantley'),(1599,'Stephen Lack'),(1601,'Elias Schwarz'),(1602,'Michael Nouri'),(1604,'Jonas Dassler'),(1605,'Anthony Head'),(1607,'David Cronenberg'),(1608,'Sophia Bush'),(1609,'Sean Carrigan'),(1610,'Melissa Leo'),(1611,'Anna Friel'),(1612,'Jill Schoelen'),(1614,'Phil Rubenstein'),(1615,'Alicia Witt'),(1616,'Jennifer Landon'),(1619,'Stephanie Bennett'),(1620,'Suzanne Snyder'),(1621,'Lisa Blount'),(1622,'MyAnna Buring'),(1624,'Ashleigh Cummings'),(1625,'Samaire Armstrong'),(1627,'Rumer Willis'),(1628,'Robert Stoltenberg'),(1629,'Kodi Saint Angelo'),(1630,'Julie Hannan'),(1631,'Trish Van Devere'),(1632,'Simone Bucio'),(1633,'Kari Keegan'),(1634,'Laura Allen'),(1635,'Ivana Baquero'),(1636,'Pete O\'Herne'),(1637,'Eileen Davidson'),(1638,'Cleo Berry'),(1639,'Kevin McKidd'),(1640,'Jeremy Irvine'),(1642,'Dawn Dunlap'),(1643,'Bront Palarae'),(1644,'Patrick Macnee'),(1647,'Bill Milner'),(1648,'Christopher Lloyd'),(1649,'Margaret Sheridan'),(1650,'Leah Ayres'),(1651,'Marsha Thomason'),(1653,'Ella Ballentine'),(1654,'Ian Hendry'),(1655,'Ian McCulloch'),(1656,'Mae Clarke'),(1657,'Michael J Rogers'),(1659,'Geneviève Bujold'),(1660,'Scott Porter'),(1661,'Shawn Carson'),(1662,'Keiju Kobayashi'),(1663,'Arash Marandi'),(1664,'Eduardo Noriega'),(1667,'Emma Fitzpatrick'),(1668,'James T. Callahan'),(1669,'Margot Kidder'),(1670,'Mel Brooks'),(1671,'KaDee Strickland'),(1672,'Justine Waddell'),(1673,'Thomas Mann'),(1674,'Frank Moore'),(1675,'Jeremy Northam'),(1676,'Katrina Bowden'),(1677,'Lori Hallier'),(1681,'Stephen Barker Turner'),(1682,'Pierce Brosnan'),(1683,'Erin Moran'),(1684,'Ice Cube'),(1685,'Roman Polanski'),(1686,'Mackenzie Davis'),(1687,'Claire Bloom'),(1688,'Kent Smith'),(1689,'Jeff East'),(1690,'Catherine A. Callahan'),(1691,'Saahil Prem'),(1693,'Maeve Dermody'),(1696,'Anthony Edwards'),(1697,'Jacob Vargas'),(1699,'Malcolm Cumming'),(1700,'Pat Priest'),(1701,'George Hardy'),(1702,'Nicholas Brendon'),(1703,'Daniel Travis'),(1704,'Ann Turkel'),(1705,'Robin Stille'),(1707,'Paula Patton'),(1708,'Ava Gardner'),(1709,'Daniel MacPherson'),(1710,'Asia Argento'),(1711,'Seth Green'),(1712,'Rodney Eastman'),(1715,'Burr DeBenning'),(1716,'Peggy Cummins'),(1717,'Ian Meadows'),(1718,'Tom Sizemore'),(1719,'Cassi Davis'),(1720,'Sam Keeley'),(1721,'Michael Ironside'),(1723,'Barry Bostwick'),(1724,'Robert Houston'),(1725,'Uma Bracaglia'),(1726,'Yôko Ishino'),(1727,'Cristina Galbó'),(1728,'Qi Shu'),(1729,'Craig T. Nelson'),(1730,'Robert Carlyle'),(1731,'Roger Bart'),(1732,'Johnathon Schaech'),(1733,'John Reynolds'),(1736,'David Boreanaz'),(1737,'Helen Chandler'),(1738,'Harry Treadaway'),(1741,'Takahiro Sakurai'),(1742,'Dominic Purcell'),(1743,'Ryûdô Uzaki'),(1744,'Tommy Flanagan'),(1745,'Barbara Crampton'),(1746,'David Dorfman'),(1747,'Sean Rogerson'),(1748,'Peyton List'),(1749,'Laurence Olivier'),(1751,'Kevin Rahm'),(1752,'Alexandra Shipp'),(1753,'Nicole Muñoz'),(1754,'Vera Miles'),(1755,'Joe Mantegna'),(1756,'Antonio Cupo'),(1757,'Tom Keene'),(1758,'LL Cool J'),(1759,'Khaled El-Sawi'),(1760,'Steve Zahn'),(1761,'Kate Porterfield'),(1762,'Tony O\'Dell'),(1763,'Alida Valli'),(1764,'Tracy Arnold'),(1765,'Mariko Shinoda'),(1766,'Rebecca Ferratti'),(1767,'Ashley Laurence'),(1769,'Mario Casas'),(1770,'Paul Rudd'),(1772,'Tara Reid'),(1773,'Phillip Andre Botello'),(1774,'Sean Young'),(1775,'Michael Biehn'),(1776,'Adam DiMarco'),(1777,'Irene Miracle'),(1779,'Dana Wynter'),(1780,'Jonathan Stark'),(1781,'Ray Park'),(1782,'Zulay Henao'),(1783,'Roxane Mesquida'),(1784,'Lori Singer'),(1786,'Izabella Scorupco'),(1787,'Marta Etura'),(1788,'Bruce Davison'),(1789,'Tom Noonan'),(1790,'Bryan Callen'),(1791,'Jonathan Rhys Meyers'),(1792,'Kevin J. O\'Connor'),(1795,'Robin McLeavy'),(1796,'Shiri Appleby'),(1797,'Michael Welch'),(1798,'Dominic West'),(1800,'Daria Nicolodi'),(1801,'Candela Fernández'),(1803,'Heather Menzies-Urich'),(1804,'Linda Hayden'),(1805,'Daniel Stern'),(1807,'Charlie Tahan'),(1809,'Laurence Leboeuf'),(1811,'Jasna Fritzi Bauer'),(1812,'Gregory Knoph'),(1815,'Brian Kotzur'),(1816,'Catherine Walker'),(1817,'Lisa Zane'),(1818,'Mischa Barton'),(1819,'Ed Flanders'),(1821,'Gary Grubbs'),(1822,'Ashley Greene'),(1824,'Martin Donovan'),(1825,'Emma Caulfield Ford'),(1827,'Michael Chiklis'),(1828,'Avin Manshadi'),(1831,'Ellie Cornell'),(1832,'Prunella Ransome'),(1833,'Stephen Gevedon'),(1835,'Dreama Walker'),(1836,'William Hudson'),(1837,'Kirstie Alley'),(1838,'David Bowie'),(1840,'Shelley Hack'),(1841,'Jacqueline Poelvoorde-Pappaert'),(1843,'Dustin Milligan'),(1844,'Tom DeFranco'),(1846,'Julia Stiles'),(1847,'Corneliu Ulici'),(1848,'Charlotte Rampling'),(1849,'Catherine O\'Hara'),(1851,'Steven Krueger'),(1852,'Patricia Tallman'),(1854,'Stephen McHattie'),(1855,'Jill Wagner'),(1856,'Gulliver McGrath'),(1858,'Christa Denton'),(1861,'Jenny Pellicer'),(1863,'Jacob Batalon'),(1864,'Bill Chepil'),(1865,'Jonathan Watton'),(1866,'Lukas Hassel'),(1867,'Gideon Emery'),(1868,'David Keith'),(1870,'Savannah Kennick'),(1871,'Roddy McDowall'),(1872,'Noah Segan'),(1876,'Lisa Wilcox'),(1878,'Sarah Wayne Callies'),(1879,'Conrad Veidt'),(1880,'Boti Bliss'),(1881,'Terri Susan Smith'),(1883,'Aneta Corsaut'),(1884,'Miki Nakatani'),(1885,'Andrew Divoff'),(1886,'Vijay Raaz'),(1890,'Holly Weston'),(1891,'Christopher Goutman'),(1892,'Alessandro Nivola'),(1893,'Giuliano Gemma'),(1895,'Erin Moriarty'),(1896,'Samantha Eggar'),(1897,'Véra Clouzot'),(1898,'Natthaweeranuch Thongmee'),(1899,'Glenn Ford'),(1900,'Ambyr Childers'),(1901,'Pasha Ebrahimi'),(1902,'Jeremy Holm'),(1903,'Hugh Grant'),(1906,'Julie Delpy'),(1907,'Jessica De Gouw'),(1909,'Kelsy Abbott'),(1910,'Donna Dempsey'),(1911,'Mary Beth Hurt'),(1912,'Robin Hill'),(1913,'Carrie Coon'),(1914,'Francisco Rabal'),(1915,'Jonathan Jackson'),(1916,'Gordon MacDonald'),(1917,'Robin Riker'),(1918,'Busta Rhymes'),(1920,'Aurélien Wiik'),(1921,'Tony Azzolino'),(1922,'David Warbeck'),(1923,'Michalina Olszanska'),(1924,'Robert Stadlober'),(1925,'Alice Krige'),(1926,'Ben Messmer'),(1927,'Kathleen Beller'),(1930,'Nick Thune'),(1931,'Ksenia Solo'),(1932,'Leticia Jimenez'),(1933,'Natasha Hovey'),(1934,'Lee Grant'),(1935,'Bill Paxton'),(1936,'Linda Blair'),(1937,'Paul Freeman'),(1938,'Vanessa Kirby'),(1939,'Ami Dolenz'),(1940,'Cody Hamilton'),(1941,'Regina Hall'),(1942,'John Magaro'),(1943,'Amanda Fuller'),(1944,'Chance the Rapper'),(1945,'Wes Bentley'),(1946,'Jackie Joseph'),(1947,'Martin Sheen'),(1949,'Gillian Anderson'),(1950,'Jeff F. Renfro'),(1951,'Anna Massey'),(1952,'Peter Outerbridge'),(1953,'Rainn Wilson'),(1955,'Joe Silver'),(1956,'Ryan Corr'),(1957,'Andrew Joseph Montgomery'),(1959,'Lisa Langlois'),(1960,'Rob Mayes'),(1961,'Janet Agren'),(1962,'Alyson Hannigan'),(1964,'Ariel Gade'),(1965,'Caroline Munro'),(1967,'Edmund Gwenn'),(1968,'Maggie Grace'),(1969,'Peter Facinelli'),(1970,'Sam Claflin'),(1973,'Alan Arkin'),(1976,'Ed Harris'),(1977,'Ian McKellen'),(1978,'Tarek Lotfy'),(1981,'Rip Torn'),(1982,'Samantha Mathis'),(1983,'Miki Jinbo'),(1984,'Kazuya Aoyama'),(1985,'Lynda Day George'),(1986,'John Pankow'),(1987,'Stephanie Pearson'),(1988,'James Blake'),(1989,'Mel Raido'),(1990,'Devon Graye'),(1991,'Joel David Moore'),(1992,'Jun Tazaki'),(1993,'Deborah Raffin'),(1994,'Frances Feist'),(1995,'Hunter Carson'),(1996,'Danielle Harris'),(1997,'Edison Chen'),(1998,'Daphne Zuniga'),(1999,'Maddie Lenton'),(2000,'Juliette Lewis'),(2001,'Elisabeth Moss'),(2003,'Alaina Huffman'),(2004,'Jackson A. Dunn'),(2005,'Danny Lloyd'),(2008,'Finn Wolfhard'),(2009,'Bradley Whitford'),(2010,'Patricia Velasquez'),(2011,'Jay Ellis'),(2012,'Andi Matichak'),(2013,'John Marley'),(2014,'Millicent Simmonds'),(2015,'Billy Crudup'),(2016,'Doris Hick'),(2017,'John Lithgow'),(2018,'Tessa Thompson'),(2019,'Haley Lu Richardson'),(2020,'Olivia Taylor Dudley'),(2021,'John Hurt'),(2022,'Phi Vu'),(2025,'Jonas Bloquet'),(2027,'Chiara Aurelia'),(2028,'Souheila Yacoub'),(2029,'Mathilde Ollivier'),(2031,'Amy Irving'),(2032,'Peter Mooney'),(2033,'Satomi Ishihara'),(2034,'Ron Livingston'),(2035,'Miranda Otto'),(2037,'Cori Gonzalez-Macuer'),(2038,'Djimon Hounsou'),(2039,'Samantha Logan'),(2040,'Tom Taylor'),(2041,'Woody Harrelson'),(2042,'Kate Dickie'),(2043,'Anna Hutchison'),(2045,'Jelena Gavrilovic'),(2046,'Haley Joel Osment'),(2049,'Jayda Fink'),(2050,'Dianne Wiest'),(2052,'Ruby Modine'),(2053,'Linus Roache'),(2056,'Daniella Kertesz'),(2058,'Kate Ashfield'),(2059,'Giorgio Cataldi'),(2062,'Ty Simpkins'),(2063,'Olivia Luccardi'),(2064,'Matthew Modine'),(2065,'Karen Fields'),(2066,'Hoyt Axton'),(2067,'Madison Wolfe'),(2068,'Tony Moran'),(2069,'Paul Higgins'),(2070,'Michael Trucco'),(2071,'Matthew Fox'),(2072,'Robert James-Collier'),(2073,'Joseph Sikora'),(2076,'Alfre Woodard'),(2077,'Daniel Henshall'),(2078,'Zawe Ashton'),(2079,'Jeremy Ray Taylor'),(2080,'Jeannine Taylor'),(2081,'Angelo Josue Lozano Corzo'),(2082,'David Howard Thornton'),(2083,'Eva Green'),(2084,'Dong-seok Ma'),(2085,'Michiel Huisman'),(2086,'Asa Butterfield'),(2087,'Joivan Wade'),(2088,'Lynsey Taylor Mackay'),(2091,'Javier Botet'),(2093,'Charles Dance'),(2095,'Kirby Johnson'),(2097,'Aaron Burns'),(2099,'Jaz Sinclair'),(2100,'Jeff Daniel Phillips'),(2101,'Violett Beane'),(2103,'Fred Gwynne'),(2104,'Allen Joseph'),(2105,'Catherine Bégin'),(2106,'Katharine Towne'),(2107,'Robbie Amell'),(2108,'Richard DeManincor'),(2109,'Eric Beecroft'),(2113,'Rae Gray'),(2114,'Kati Outinen'),(2116,'Ophelia Lovibond'),(2118,'Eythor Gudjonsson'),(2119,'Lydia Hearst'),(2122,'Max Burkholder'),(2124,'Toby Jones'),(2126,'Richard Jenkins'),(2127,'Vincent Colombe'),(2128,'Isabelle Fuhrman'),(2129,'Dominique Pinon'),(2130,'Lizzy Caplan'),(2131,'Maggie Q'),(2132,'Joe Belcher'),(2133,'Angus Sampson'),(2134,'Gabriella Wilde'),(2137,'Alia Shawkat'),(2138,'Miranda Richardson'),(2139,'James Badge Dale'),(2140,'Dylan Schmid'),(2142,'Kerr Smith'),(2147,'Daniel Brühl'),(2148,'Allen Danziger'),(2150,'Storm Acheche Sahlstrøm'),(2151,'Ron Eldard'),(2152,'Fionnula Flanagan'),(2153,'Courtney Halverson'),(2155,'Dominique Tipper'),(2156,'Owen Vaccaro'),(2157,'Flavio Bucci'),(2158,'Bijou Phillips'),(2161,'Perry Pirkanen'),(2162,'Akira Takarada'),(2164,'Mekhi Phifer'),(2165,'Jay Pharoah'),(2167,'Ruth Gordon'),(2168,'Bruce Cabot'),(2169,'Taurean Blacque'),(2170,'Jack Huston'),(2172,'Adam Brody'),(2173,'Jodelle Ferland'),(2175,'Alex Reid'),(2176,'Andrew Howard'),(2178,'Vincent D\'Onofrio'),(2179,'Lexi Atkins'),(2180,'Derek Mears'),(2181,'Martha MacIsaac'),(2183,'Diane Cilento'),(2184,'Pankaj Tripathi'),(2185,'Andrew Bryniarski'),(2187,'Alan Rickman'),(2188,'Sarah Gadon'),(2189,'Peter Stormare'),(2190,'Ryan McCluskey'),(2191,'Emmanuelle Chriqui'),(2192,'Sherilyn Fenn'),(2193,'Betty Gabriel'),(2194,'Dan Byrd'),(2195,'Jacob Tremblay'),(2196,'Laura Harris'),(2198,'Josh Brolin'),(2199,'Finn Carter'),(2200,'Callum Keith Rennie'),(2201,'Max Minghella'),(2202,'Edwin Hodge'),(2206,'Melora Walters'),(2207,'Delphine Chanéac'),(2208,'Michael Pitt'),(2211,'Tara Ellis'),(2213,'Jack Kilmer'),(2216,'Caleb Emery'),(2217,'Blanche Baker'),(2218,'Deanna Dunagan'),(2220,'Mia Goth'),(2221,'Sigrid Bouaziz'),(2222,'Tobias Menzies'),(2223,'Megan Charpentier'),(2225,'Margit Carstensen'),(2226,'Annalise Basso'),(2227,'Nina Dobrev'),(2228,'Joey Morgan'),(2229,'Kristin Chenoweth'),(2231,'Danny Trejo'),(2233,'Lacey Chabert'),(2234,'Jessica Tandy'),(2235,'Tony Higgins'),(2236,'Jessica Brown Findlay'),(2238,'John Furey'),(2240,'Marcus Gilbert'),(2243,'John Getz'),(2245,'Joon-Hyuk Lee'),(2246,'Scott Eastwood'),(2247,'Joan Allen'),(2249,'Alexandra Paul'),(2250,'Parker Posey'),(2252,'Kelly Rowland'),(2253,'Toby Hemingway'),(2254,'James Russell'),(2255,'Ashley Zukerman'),(2257,'Anthony Heald'),(2258,'Jimmy Bennett'),(2260,'Danny Huston'),(2262,'Jan Cornet'),(2263,'Margaret Qualley'),(2265,'Richard Dreyfuss'),(2266,'Odeya Rush'),(2267,'Leelee Sobieski'),(2268,'Edward James Olmos'),(2269,'George Wendt'),(2270,'Corbin Reid'),(2271,'Do-won Kwak'),(2272,'Vin Diesel'),(2275,'James DeBello'),(2276,'Dwayne Johnson'),(2277,'Finn Scicluna-O\'Prey'),(2278,'Hal Havins'),(2279,'Per Ragnar'),(2281,'Brandon Soo Hoo'),(2283,'Peter Barton'),(2284,'Gemma Ward'),(2285,'Kerry Condon'),(2287,'Katherine Heigl'),(2288,'Paul Reubens'),(2289,'Elisha Cuthbert'),(2290,'Stephen Macht'),(2291,'Kevin Peter Hall'),(2292,'Jessica Lange'),(2293,'Vincent Gardenia'),(2294,'Ken Olandt'),(2295,'Kris Lemche'),(2296,'Lauren Ashley Carter'),(2297,'Peter Dobson'),(2299,'Marlee Jane McPherson-Dobbins'),(2301,'Kyra Sedgwick'),(2302,'Gustav von Wangenheim'),(2303,'Paul Whitehouse'),(2304,'Charlie Heaton'),(2305,'Lisa Bonet'),(2306,'Ulrich Thomsen'),(2307,'Bailee Madison'),(2310,'Gerrit Graham'),(2311,'Richard Brooker'),(2315,'Oliver Platt'),(2316,'Mandeep Dhillon'),(2317,'Anna Kendrick'),(2319,'Anita Date'),(2320,'Murray Hamilton'),(2321,'Sienna Miller'),(2322,'Rabah Nait Oufella'),(2323,'Evan Richards'),(2326,'Raoul Bova'),(2328,'Richard Pace'),(2329,'Kyle Gallner'),(2330,'Abigail Cruttenden'),(2331,'Harvey Stephens'),(2333,'Dan Hicks'),(2334,'Amanda Pays'),(2335,'Anastasia Phillips'),(2336,'Danila Kozlovsky'),(2338,'AJ Bowen'),(2339,'Josh Pais'),(2340,'Anthony Barrile'),(2341,'Cressida Bonas'),(2342,'Hae-il Park'),(2344,'Hilary Mason'),(2345,'Wendy Robie'),(2346,'Abigail Pniowsky'),(2349,'Ruth Livier'),(2350,'Julie Carmen'),(2352,'Scott H. Reiniger'),(2354,'Mark Fredrichs'),(2355,'Goldie Hawn'),(2357,'Adria Arjona'),(2358,'Don Calfa'),(2359,'Ian Holm'),(2360,'John Waters'),(2361,'Elle LaMont'),(2362,'Matthew Broderick'),(2364,'Ashley Key'),(2365,'Jasen Fisher'),(2366,'Amanda Bearse'),(2367,'Kenan Thompson'),(2368,'Scott Terra'),(2369,'Eric Roberts'),(2370,'Owen Wilson'),(2372,'Jess Salgueiro'),(2373,'Samuel Davis'),(2374,'Arno Frisch'),(2375,'Roger Príncep'),(2377,'Henrik Rafaelsen'),(2378,'Claudia Martini'),(2379,'Jorge-Yamam Serrano'),(2381,'Shohreh Aghdashloo'),(2382,'Danny Aiello'),(2384,'Claudia Placer'),(2385,'Patricia Bethune'),(2387,'Sonoya Mizuno'),(2388,'Matthew Lillard'),(2389,'David Hasselhoff'),(2390,'Oded Fehr'),(2392,'Andrew Fiscella'),(2394,'Aura Garrido'),(2395,'Sonja Smits'),(2396,'America Olivo'),(2398,'Eric Mabius'),(2399,'Bel Powley'),(2400,'Jordan Gavaris'),(2401,'Nancy Travis'),(2403,'Jean Marsh'),(2404,'Karl Hardman'),(2405,'Charles Cyphers'),(2407,'David Koechner'),(2408,'John Glover'),(2409,'David Hess'),(2411,'Frank Whaley'),(2412,'Arlen Escarpeta'),(2413,'Nick Searcy'),(2414,'Simon Bubb'),(2415,'Maddi Black'),(2416,'Wentworth Miller'),(2417,'Mary McCormack'),(2418,'Diane Farr'),(2419,'David Kagen'),(2420,'Olivia Munn'),(2421,'Laia Costa'),(2423,'Jason Lee'),(2424,'Josh Hamilton'),(2427,'Juan Pablo Di Pace'),(2428,'Anne Winters'),(2429,'Zach Gilford'),(2431,'Mykelti Williamson'),(2432,'Elisabeth Hower'),(2433,'R.G. Armstrong'),(2434,'Daren Kagasoff'),(2435,'Donovan Leitch Jr.'),(2436,'Elizabeth Moody'),(2437,'Mario Van Peebles'),(2438,'Kristina Pimenova'),(2439,'Nicholas Campbell'),(2440,'Ana Ularu'),(2441,'Jonny Weston'),(2443,'Whitney Able'),(2444,'Robert Jacks'),(2446,'Shinpachi Tsuji'),(2448,'Robert Downey Jr.'),(2449,'Jeremy Sylvers'),(2450,'Jeff Geddis'),(2451,'Scott Chambers'),(2452,'Yavor Baharov'),(2454,'Vic Morrow'),(2455,'Karl Markovics'),(2456,'Bob Balaban'),(2457,'Mark Strange'),(2460,'Shareeka Epps'),(2463,'Catherine Steadman'),(2464,'Kestie Morassi'),(2465,'Simon MacCorkindale'),(2466,'Jérémie Renier'),(2467,'Joseph Pilato'),(2470,'Taye Diggs'),(2471,'Jennifer Babtist'),(2473,'Philippe Nahon'),(2475,'Danny Pintauro'),(2476,'Selena Gomez'),(2479,'Monica Rial'),(2480,'Michael J. Pollard'),(2481,'Nathalie Cox'),(2482,'Joely Richardson'),(2484,'Jennifer Beals'),(2486,'Laura Harrington'),(2487,'Luke Albright'),(2488,'Emma Watson'),(2489,'Joelle Carter'),(2491,'Tetsu Sawaki'),(2495,'Garrett Morris'),(2496,'Susan Sarandon'),(2497,'Betsy Russell'),(2500,'Elisha Ali'),(2502,'Michelle Ang'),(2503,'Kennedi Clements'),(2504,'Adam Devine'),(2505,'Matthias Habich'),(2506,'Billy Green Bush'),(2507,'David Firth'),(2508,'Peter Firth'),(2509,'Amy Forsyth'),(2510,'John Otrin'),(2511,'Kate Moran'),(2512,'Robert Daniel Sloan'),(2513,'Evan Peters'),(2514,'Robert Beltran'),(2515,'Connor Paolo'),(2516,'Dylan Baker'),(2517,'Olga Baclanova'),(2519,'Domenick John'),(2520,'Ji-hye Seo'),(2521,'Ki Hong Lee'),(2523,'Leonor Varela'),(2524,'Louisa Krause'),(2525,'Bryce Draper'),(2526,'David Labiosa'),(2527,'Clint Howard'),(2528,'Julia Roberts'),(2530,'James Villiers'),(2533,'Harumi Shuhama'),(2534,'Joey Fatone'),(2535,'Denis Lavant'),(2536,'Bianca Kajlich'),(2537,'Carice van Houten'),(2539,'Marguerite Moreau'),(2540,'Franky G'),(2541,'Daniel Fathers'),(2542,'Dave Levine'),(2543,'Jeremy Glazer'),(2544,'Jesse Moss'),(2545,'Todd Caldecott'),(2546,'Columbus Short'),(2547,'Claude Lulé'),(2550,'Jim Siedow'),(2551,'Bokeem Woodbine'),(2552,'Juan Fernández'),(2553,'Paula E. Sheppard'),(2554,'Adam Arkin'),(2555,'Nicole Dambro'),(2556,'Stephanie Vogt'),(2557,'Ben Shenkman'),(2558,'Victor Buono'),(2559,'Leslie Bibb'),(2560,'Adam Wingard'),(2561,'Shin\'ya Tsukamoto'),(2562,'Matt Shively'),(2563,'Brandon Smith'),(2564,'Genesis Rodriguez'),(2565,'Kim Myers'),(2566,'Mark Strong'),(2567,'Kathryn Erbe'),(2569,'Sarah Hay'),(2570,'Mckenna Grace'),(2571,'Ryan Robbins'),(2575,'Elvira Onetto'),(2578,'Bob Ivy'),(2579,'Soo-jung Lim'),(2580,'Richard Mylan'),(2581,'Francesco Carnelutti'),(2582,'Clive Standen'),(2583,'Brandon Micheal Hall'),(2584,'Jonah Hill'),(2585,'Richard Denning'),(2586,'Taryn Manning'),(2587,'Dan O\'Herlihy'),(2589,'Giovanni Ribisi'),(2590,'Chloe Franks'),(2591,'Brynie Furstenberg'),(2593,'Susan Sheridan'),(2594,'Linda Kerridge'),(2595,'Hee-jin Choi'),(2596,'Reggie Bannister'),(2597,'Adrienne Pickering'),(2598,'Patrick McGoohan'),(2599,'Delroy Lindo'),(2600,'Susanne Wuest'),(2601,'Claudia Christian'),(2603,'Marc Hosemann'),(2604,'Alexa PenaVega'),(2606,'Anne Bobby'),(2607,'Zachary Knighton'),(2608,'PJ McCabe'),(2612,'Angus Macfadyen'),(2613,'Larry Flash Jenkins'),(2614,'Rebecca Gayheart'),(2615,'Doug McKeon'),(2617,'Chris Betts'),(2618,'Andrew Dunbar'),(2619,'John Allen Nelson'),(2620,'Jameson Parker'),(2621,'Harry Simpson'),(2622,'Gianni Capaldi'),(2623,'Stephen Curry'),(2624,'Frankie Muniz'),(2625,'Louis Ferreira'),(2626,'Carrie Fisher'),(2627,'Knut Nærum'),(2629,'Scott Vickers'),(2630,'Melvyn Douglas'),(2631,'Jesús Meza'),(2635,'Craig Smith'),(2636,'Janis Ward'),(2637,'Cynthia Murell'),(2638,'Emma Cleasby'),(2639,'Phoebe Fox'),(2640,'Jonathan Pryce'),(2641,'June Chadwick'),(2642,'Dimas Aditya'),(2643,'Dennis Dugan'),(2644,'Peter Masterson'),(2645,'David Eigenberg'),(2646,'Eugene Simon'),(2647,'Kanin Howell'),(2648,'James Arness'),(2649,'Brian Backer'),(2652,'Aaron Douglas'),(2653,'John Fraser'),(2654,'Richard Johnson'),(2655,'Boris Karloff'),(2656,'Scott Hylands'),(2657,'Christopher Plummer'),(2658,'Heidi von Palleske'),(2659,'Jessica Stroup'),(2660,'Jeanne Austin'),(2661,'Ken Tanaka'),(2662,'Marshall Manesh'),(2664,'Joy Bryant'),(2665,'Marg Helgenberger'),(2666,'Christopher McDonald'),(2667,'Sarah Douglas'),(2668,'Rod Steiger'),(2669,'Peter MacNicol'),(2670,'Eugene Byrd'),(2671,'Jonny Lee Miller'),(2672,'Percy Hynes White'),(2674,'Alexander Goodwin'),(2675,'Judd Nelson'),(2676,'Neil Affleck'),(2677,'Jeff Davis'),(2678,'Nick Stahl'),(2679,'Sam Worthington'),(2680,'Erica Leerhsen'),(2682,'Ray Walston'),(2683,'Pam Grier'),(2684,'Alfie Bass'),(2685,'Josh Fadem'),(2687,'Jane Randolph'),(2688,'John D\'Aquino'),(2689,'Marie Maser'),(2690,'Parvin Dabas'),(2691,'Casey Stevens'),(2692,'Andy Rodoreda'),(2694,'Desiree Akhavan'),(2695,'Clancy Brown'),(2696,'Michael Bailey Smith'),(2698,'Sarah Swire'),(2699,'Casey Kasem'),(2700,'Margo Prey'),(2701,'Thomas Gibson'),(2702,'Saul Stein'),(2704,'Michael Villella'),(2705,'C.H. Evans'),(2706,'Amy Smart'),(2708,'Isabel Lucas'),(2709,'Simon Baker'),(2710,'Elden Henson'),(2711,'John Beckman'),(2713,'Jessika Williams'),(2714,'Myron Healey'),(2715,'Niall MacGinnis'),(2716,'Harriet Dyer'),(2717,'Linda Hunt'),(2718,'Patrice Lovely'),(2719,'Tom Vaughan-Lawlor'),(2720,'Wendy Lyon'),(2723,'Martin Speer'),(2724,'Eneko Sagardoy'),(2725,'Yasufumi Hayashi'),(2726,'John Moulder-Brown'),(2727,'Bo Huang'),(2730,'Ariel Winter'),(2731,'Jeff Gum'),(2732,'Diane Adelson'),(2734,'Brandy Norwood'),(2735,'Marley Shelton'),(2736,'David Manners'),(2737,'Ben Huber'),(2740,'Kana Hanazawa'),(2742,'Masahiro Kobayashi'),(2743,'Katie Cassidy'),(2744,'Ted Sorel'),(2746,'Ashleigh Gryzko'),(2747,'Lia Marie Johnson'),(2749,'Anna Torv'),(2751,'Jack Quaid'),(2752,'Chloe Rose'),(2753,'Meg Tilly'),(2754,'Lucinda Jenney'),(2755,'Tristan Risk'),(2756,'Mona McKinnon'),(2758,'Nelly Karim'),(2759,'Peter Dinklage'),(2760,'Tess Porterfield Lovell'),(2761,'Russell Todd'),(2762,'Juliette Mayniel'),(2763,'Tom Towles'),(2764,'Erina Mano'),(2765,'Alyssa Milano'),(2767,'Vas Blackwood'),(2768,'Carmen Machi'),(2769,'Marianne Hagan'),(2770,'Steven Brand'),(2772,'Zack Weiner'),(2773,'Christine Donlon'),(2774,'Milo Ventimiglia'),(2775,'Slaine'),(2776,'Eleonora Giorgi'),(2777,'David Mazouz'),(2778,'Larry Gates'),(2779,'Royal Dano'),(2781,'Alex Henderson'),(2782,'Wings Hauser'),(2783,'Richard E. Grant'),(2784,'Candy Clark'),(2785,'James D\'Arcy'),(2786,'Alberto San Juan'),(2787,'Artel Great'),(2788,'Mary Woronov'),(2789,'William Shatner'),(2790,'Jeffrey DeMunn'),(2791,'J. Trevor Edmond'),(2793,'Chris Cox'),(2794,'John Brumpton'),(2795,'Pruitt Taylor Vince'),(2796,'Melissa Bolona'),(2797,'Christopher Kovaleski'),(2798,'Alan King'),(2799,'Gabriele Lavia'),(2800,'Bárbara Goenaga'),(2801,'Mark Rolston'),(2803,'Barry Andrews'),(2804,'Christopher Curry'),(2805,'Imelda Staunton'),(2811,'Tony Mumolo'),(2812,'Dylan Bruno'),(2814,'Travis Nicholson'),(2815,'Susan Loughnane'),(2816,'Shon Greenblatt'),(2817,'Jeff Denton'),(2819,'John C. Reilly'),(2822,'Portia de Rossi'),(2824,'Antony Burrows'),(2826,'Kerry Bishé'),(2827,'Bobby Naderi'),(2828,'Nicki Aycox'),(2829,'Dave Annable'),(2831,'Antonio Iranzo'),(2832,'Paul Guilfoyle'),(2833,'Matthew Glave'),(2834,'Pat Healy'),(2835,'Yvette Vickers'),(2836,'Linda Kozlowski'),(2839,'Noah Hathaway'),(2840,'Nelly Pappaert'),(2841,'Steve Marshall'),(2842,'Chris Carmack'),(2843,'Richard Lee Porter'),(2844,'Kevin Bernhardt'),(2845,'Seamus Davey-Fitzpatrick'),(2846,'Ada Lupu'),(2847,'Will Sampson'),(2848,'Martin Short'),(2849,'Shaun Sipos'),(2850,'Justin Chon'),(2852,'Dee Snider'),(2853,'John Pyper-Ferguson'),(2854,'Paulo Costanzo'),(2855,'Mitzi Ruhlmann'),(2856,'Molly Ephraim'),(2857,'Louis Tripp'),(2858,'Carrie Snodgress'),(2859,'Claudio Brook'),(2860,'Nelson Franklin'),(2861,'Michael Gough'),(2862,'Seychelle Gabriel'),(2863,'Vic Noto'),(2864,'Peter DaCunha'),(2865,'Augie Duke'),(2866,'Kavan Reece'),(2868,'Balthazar Getty'),(2869,'Rick Peters'),(2870,'Traci Lind'),(2871,'Candice King'),(2872,'Nancy Allen'),(2873,'Anna Faris'),(2875,'Kelly Jo Minter'),(2877,'Veronica Ferres'),(2878,'Friedrich Feher'),(2879,'Julianna McCarthy'),(2880,'Beverly Bonner'),(2881,'Udo Kier'),(2882,'Earl Rowe'),(2883,'Yûko Takeuchi'),(2885,'Karan Aanand'),(2886,'Emily Alyn Lind'),(2887,'William Baldwin'),(2888,'R.A. Mihailoff'),(2890,'Lawrence Tierney'),(2892,'Christian Borromeo'),(2894,'Nadine Velazquez'),(2895,'Art Hindle'),(2896,'Paul Meurisse'),(2897,'Achita Sikamana'),(2898,'Lawrence Dane'),(2899,'Julia Garner'),(2900,'Robb Wells'),(2901,'Granit Lahu'),(2902,'Catherine Oxenberg'),(2904,'Colin Ford'),(2905,'Vince Vieluf'),(2906,'Martin McCann'),(2909,'Stephen Charles Barry'),(2910,'Sandy Dennis'),(2911,'Aidan McArdle'),(2913,'Raquel Meroño'),(2915,'Jennifer Lowry'),(2916,'Michael V. Gazzo'),(2917,'Brad Loree'),(2918,'Cody Horn'),(2919,'Patrick Ligardes'),(2920,'Austin Nash Chase'),(2921,'Cinzia Monreale'),(2922,'Kinga Preis'),(2923,'Charlie Carrick'),(2924,'Fred Astaire'),(2925,'Samantha Robson'),(2928,'Kanata Hongô'),(2929,'Adam Busch'),(2930,'Jennette McCurdy'),(2931,'Jack Kesy'),(2932,'Karl Zinny'),(2933,'Jonathan Scott-Taylor'),(2934,'Kevin Heffernan'),(2935,'Louise Fletcher'),(2936,'Amara Karan'),(2937,'David Ajala'),(2940,'Romany Malco'),(2941,'Denzel Whitaker'),(2944,'Logan Huffman'),(2945,'Mel Welles'),(2946,'Alexis Smith'),(2947,'Roxy Saint'),(2948,'Billy Connolly'),(2949,'Drettie Page'),(2950,'Moira Shearer'),(2951,'Michelle Nolden'),(2952,'Alison Pill'),(2954,'Lynn Lowry'),(2955,'Shannon Ashlyn'),(2956,'Jameson Pazak'),(2957,'Momoko Kôchi'),(2958,'Franc Luz'),(2959,'Paul Giamatti'),(2960,'Ivan Rassimov'),(2961,'Brittany S. Hall'),(2962,'Louis Mandylor'),(2964,'Abigail Clayton'),(2965,'Polly Walker'),(2966,'Joan Weldon'),(2970,'Laura Ortiz'),(2971,'David Morse'),(2974,'Kelsey Grammer'),(2975,'Bonnie Bedelia'),(2976,'Alberta Watson'),(2977,'Amina Khalil'),(2978,'Alberto de Mendoza'),(2979,'Mick Cain'),(2981,'David Aaron Baker'),(2982,'Kumiko Ohba'),(2983,'Reiko Tajima'),(2984,'Frank Braña'),(2986,'Rod Hernandez'),(2987,'Kimberley Crossman'),(2988,'Duncan Joiner'),(2989,'Tom Bower'),(2990,'Deon Richmond'),(2991,'Yukiko Kobayashi'),(2993,'Sidney Berger'),(2994,'Timothy Bottoms'),(2997,'Lee Richardson');
/*!40000 ALTER TABLE `Actors` ENABLE KEYS */;
UNLOCK TABLES;

--
-- Table structure for table `Company`
--

DROP TABLE IF EXISTS `Company`;
/*!40101 SET @saved_cs_client     = @@character_set_client */;
 SET character_set_client = utf8mb4 ;
CREATE TABLE `Company` (
  `idCompany` int(11) NOT NULL AUTO_INCREMENT,
  `compName` text,
  PRIMARY KEY (`idCompany`),
  UNIQUE KEY `idCompany_UNIQUE` (`idCompany`)
) ENGINE=InnoDB AUTO_INCREMENT=2805 DEFAULT CHARSET=utf8mb4 COLLATE=utf8mb4_0900_ai_ci;
/*!40101 SET character_set_client = @saved_cs_client */;

--
-- Dumping data for table `Company`
--

LOCK TABLES `Company` WRITE;
/*!40000 ALTER TABLE `Company` DISABLE KEYS */;
INSERT INTO `Company` VALUES (1,'The Penguin Empire'),(2,'Blumhouse Productions'),(3,'Monkeypaw Productions'),(4,'Orion Pictures'),(5,'Capstone Film Group'),(6,'The H Collective'),(7,'Warner Bros.'),(8,'Apelles Entertainment'),(9,'A24'),(10,'New Line Cinema'),(11,'Universal Pictures'),(12,'Atomic Monster'),(13,'Columbia Pictures'),(16,'Paramount Pictures'),(17,'Twentieth Century Fox'),(18,'Frenesy Film Company'),(19,'Alphaville Films'),(22,'Alcon Entertainment'),(23,'Brandywine Productions'),(25,'Summit Entertainment'),(26,'Netflix'),(28,'Zentropa Entertainments'),(29,'Intrepid Pictures'),(30,'Rectangle Productions'),(31,'Bad Robot'),(33,'Red Bank Films'),(35,'Cine Bazar'),(37,'Constantin Film'),(38,'Space Rocket Nation'),(39,'Unison Films'),(41,'Dimension Films'),(44,'Parts and Labor'),(45,'Lionsgate'),(46,'American Zoetrope'),(47,'Contra Film'),(48,'SModcast Pictures'),(51,'Human Stew Factory'),(53,'Shamley Productions'),(55,'SpectreVision'),(59,'United Artists'),(60,'Rogue Pictures'),(61,'Produzioni Europee Associate (PEA)'),(62,'Lions Gate Films'),(64,'Alliance Films'),(65,'Northern Lights Films'),(66,'thefyzz'),(67,'American Eagle Films'),(70,'Compass International Pictures'),(71,'One More One Productions'),(73,'Caliber Media Company'),(74,'Entertainment One'),(75,'Screen Gems'),(76,'Animal Kingdom'),(77,'Paris Film'),(79,'Screen Australia'),(84,'Dark Age Cinema'),(86,'Next Entertainment World'),(87,'Gamechanger Films'),(88,'Catalyst Global Media'),(90,'Film4'),(91,'Spectacle Entertainment Group'),(93,'Moon River Studios'),(96,'Recorded Picture Company (RPC)'),(97,'Broken Road Productions'),(98,'Swampfilms'),(99,'Worldview Entertainment'),(101,'Mythology Entertainment'),(102,'Bow and Arrow Entertainment'),(104,'DNA Films'),(106,'American Film Institute (AFI)'),(107,'Canal Horizons'),(108,'DreamWorks'),(109,'Boies / Schiller Film Group'),(110,'Renaissance Pictures'),(111,'We Are Tessellate'),(112,'Metro-Goldwyn-Mayer (MGM)'),(113,'Haxan Films'),(114,'Evolution Entertainment'),(115,'BoulderLight Pictures'),(116,'Savage Productions'),(118,'42'),(120,'Next Entertainment'),(121,'Skyline Entertainment'),(123,'Snowfort Pictures'),(126,'Archimede'),(128,'Overture Films'),(129,'M.E.S. Productions'),(130,'Dark Castle Entertainment'),(134,'PolyGram Filmed Entertainment'),(135,'Stage 6 Films'),(138,'Six Entertainment'),(139,'Broad Green Pictures'),(141,'Addictive Pictures'),(142,'Campfire'),(145,'Amen Ra Films'),(146,'Geffen Pictures'),(147,'Ibid Filmworks'),(148,'TriStar Pictures'),(150,'Vortex'),(154,'Cruise/Wagner Productions'),(155,'Dragon Blood Holdings'),(157,'BFI Film Fund'),(159,'Seda Spettacoli'),(161,'BRON Studios'),(162,'Revolution Studios'),(163,'F.D. Cinematografica'),(164,'Toho Film (Eiga) Co. Ltd.'),(165,'McFarlane Films'),(166,'Strike Entertainment'),(167,'Fingerprint Releasing'),(168,'Double Dare You (DDY)'),(169,'William Castle Productions'),(170,'RKO Radio Pictures'),(171,'Carolco Entertainment'),(172,'Cross Creek Pictures'),(174,'Fox Atomic'),(175,'Paramount Vantage'),(176,'Brayne Studios'),(177,'Celador Films'),(178,'Cinetel Films'),(181,'Armory Films'),(183,'Digital Interference Productions'),(184,'Bellanova Films'),(185,'British Lion Film Corporation'),(186,'D2R Films'),(188,'Candyman Films'),(194,'New Century Entertainment Corporation'),(195,'Bazelevs Production'),(196,'Craven-Maddalena Films'),(202,'Twisted Pictures'),(203,'Red Granite Pictures'),(204,'Legendary Entertainment'),(206,'Lakeshore Entertainment'),(207,'End Cue'),(208,'Divide/Conquer'),(209,'Gaumont'),(210,'Celluloid Dreams'),(211,'Cinemarque Entertainment BV'),(212,'Full Time Films'),(213,'Rollercoaster Films'),(215,'4 1/2 Film'),(216,'Cinema Line Film Corporation'),(217,'Golar Productions'),(218,'Brightlight Pictures'),(219,'Modernciné'),(220,'Blinding Edge Pictures'),(221,'Film Funding Ltd. of Canada'),(222,'Regency Enterprises'),(223,'CG Cinéma'),(226,'Alive Films'),(228,'Allspark Pictures'),(232,'Universal 1440 Entertainment'),(234,'AG Studios'),(236,'Alfred J. Hitchcock Productions'),(237,'Double Helix Films'),(238,'Davis Entertainment'),(239,'Periscope Entertainment'),(240,'Georgetown Productions Inc.'),(241,'Hollywood Pictures'),(242,'Dino De Laurentiis Company'),(244,'Reliance Big Pictures'),(245,'SLM Production Group'),(247,'Softbank Ventures'),(249,'De Laurentiis Entertainment Group (DEG)'),(250,'Abraham Productions'),(257,'Soapbox Films'),(259,'Calimari Productions'),(264,'Blue Haze Entertainment'),(271,'New World Pictures'),(273,'20th Century Fox'),(277,'Tonic Films'),(278,'John Wells Productions'),(279,'Blacklab Entertainment'),(280,'Blue Rider Pictures'),(281,'EFTI'),(283,'Badlands Features'),(287,'Electric Entertainment'),(289,'Midwinter Productions Inc.'),(292,'Home Box Office (HBO)'),(295,'The Geffen Company'),(296,'Trimark Pictures'),(302,'Mandalay Entertainment'),(303,'Ghost House Pictures'),(304,'Jofa-Atelier Berlin-Johannisthal'),(305,'Warp Films'),(306,'Lions Gate International'),(307,'Carolco International N.V.'),(308,'Morgan Creek Entertainment'),(309,'Aviron Pictures'),(310,'Davis-Films'),(311,'Fickle Fish Films'),(314,'Ace in the Hole Films'),(316,'Beacon Communications'),(317,'Fox 2000 Pictures'),(318,'Jeva Films'),(319,'1984 Private Defense Contractors'),(320,'Campbell Grobman Films'),(321,'Colour Yellow Productions'),(323,'HanWay Films'),(324,'Petit Film'),(325,'Society Productions Inc.'),(330,'Barquel Creations'),(332,'Goldfinch'),(336,'Filmauro'),(337,'5656 Films'),(338,'Angry Films'),(340,'Snoot Entertainment'),(341,'Pierpoline Films'),(343,'Huayi Brothers Media'),(344,'Showbox Entertainment'),(345,'Burk A Project'),(346,'Casey Productions'),(350,'Pathé'),(354,'Dawn Associates'),(355,'FilmDistrict'),(356,'Solana Films'),(359,'BH Tilt'),(360,'Hemdale'),(366,'Felt Films'),(367,'Lorimar Film Entertainment'),(369,'Boz Productions'),(371,'Six Entertainment Company'),(374,'Black Fawn Films'),(375,'Contend'),(376,'Filmfonds Wien'),(377,'Esta Vivo! Laboratorio de Nuevos Talentos'),(379,'Motlys'),(380,'Deutsche Film- und Fernsehakademie Berlin (DFFB)'),(381,'Castelao Producciones'),(382,'Alliance'),(384,'Carolco Pictures'),(386,'Apache Films'),(387,NULL),(388,'Lightyear Entertainment'),(389,'Hollywood Gang Productions'),(395,'Gold Circle Films'),(396,'Babieka'),(397,'Filmplan International'),(398,'La Petite Reine'),(399,'Solofilm'),(400,'Davis Films / Impact Pictures'),(401,'Maven Pictures'),(405,'BMI (No. 9) Ltd.'),(406,'Image Ten'),(408,'RKO Pictures'),(411,'Sean S. Cunningham Films'),(412,'Gramercy Pictures (I)'),(415,'First Look International'),(420,'Citizen Skull Productions'),(423,'BorderLine Films'),(424,'Icon Productions'),(425,'Castle Rock Entertainment'),(428,'Slaughter FX'),(429,'Thema Production'),(432,'The Conley Company'),(434,'Escape Productions'),(435,'Hal Roach Studios'),(438,'WingNut Films'),(440,'Reigning Entertainment'),(441,'Fella Films'),(442,'Castelao Pictures'),(443,'Beyond The Mothership'),(444,'Creepshow Films Inc.'),(445,'Occupant Entertainment'),(446,'Genre Pictures'),(448,'Rex Entertainment'),(449,'Constantin Film International'),(456,'Amblin Entertainment'),(457,'Dor Film Produktionsgesellschaft'),(459,'Apocalypse Pictures'),(460,'Relativity Media'),(461,'Macari/Edelstein'),(463,'Storm Vision Entertainment'),(465,'Craven Street'),(466,'The Australian Film Finance Corporation'),(468,'Canal+'),(469,'United Film Distribution Company (UFDC)'),(473,'Troma Entertainment'),(475,'Alexandre Films'),(476,'Empire Pictures'),(477,'Sunn Classic Pictures'),(479,'Embassy Pictures'),(481,'Isobel Griffiths Limited'),(483,'Hazeldine Films'),(486,'Magellan Pictures'),(487,'Abbolita Productions'),(489,'Aldamisa Entertainment'),(490,'Mod Producciones'),(492,'Harbor Productions'),(493,'Basara Pictures'),(497,'Larco Productions'),(501,'Demarest Films'),(502,'Uncorked Productions'),(503,'F/M'),(504,'Bad Hat Harry Productions'),(506,'Groundswell Productions'),(507,'Aquarius Films'),(509,'Brainfeeder Films'),(510,'Golan-Globus Productions'),(511,'Tucker Tooley Entertainment'),(516,'Coleman/Roseblatt Productions'),(517,'Wiedemann & Berg Filmproduktion'),(521,'Laurel Entertainment Inc.'),(522,'Leeyang Film'),(525,'Fusion Films (II)'),(526,'Fortress Features'),(527,'Universal Studios Sound Facilities'),(528,'American Cinema Productions'),(529,'Boll Kino Beteiligungs GmbH & Co. KG'),(532,'EMI Film Productions'),(533,'Expedition Films'),(535,'ENBU Seminar'),(536,'Kaotic Productions'),(537,'Haut et Court'),(539,'Egoli Tossell Film'),(540,'Alcina Pictures'),(543,'120dB Films'),(544,'FallBack Plan Productions'),(545,'Lunacy'),(546,'Abduction Films'),(549,'La Fabrique de Films'),(550,'Hydraulx'),(552,'Cannon Films'),(554,'LD Entertainment'),(555,'Harristown Funding'),(557,'Axiom Movie Production Company'),(558,'DragonCove Studios'),(559,'Harvest Filmworks'),(560,'The Associates & Aldrich Company'),(562,'8383 Productions'),(563,'Omega Project'),(565,'Infinity Films'),(566,'Appian Way'),(568,'Scott Free Productions'),(569,'Artisan Entertainment'),(571,'Wandering Bard'),(574,'Bluegrass Films'),(576,'JVC Entertainment Networks'),(577,'Instituto Nacional de Cine y Artes Audiovisuales (INCAA)'),(578,'FilmNation Entertainment'),(579,'Hopscotch Features'),(580,'Silver Sphere Corporation'),(581,'B.O.M. Film Productions Co.'),(582,'Red & Black Films'),(583,'Rustic Films'),(585,'Automatik'),(587,'Universal International Pictures (UI)'),(588,'Redwire Pictures'),(592,'American International Pictures (AIP)'),(595,'Walt Disney Pictures'),(597,'CJ Entertainment'),(598,'New Breed Productions Inc.'),(599,'Lightning Entertainment'),(600,'Canadian Film Development Corporation (CFDC)'),(601,'Impossible Dream Entertainment'),(602,'Ulrich Seidl Film Produktion GmbH'),(605,'Bombero International'),(607,'Copperheart Entertainment'),(609,'Focus Features'),(610,'30 Bones Cinema'),(611,'NVSH Productions'),(612,'Alcide Bava Pictures'),(613,'Incorporated Television Company (ITC)'),(615,'NBC Productions'),(616,'Phoenix Pictures'),(618,'Kennedy Miller Productions'),(619,'Bait Productions'),(620,'WWE Studios'),(621,'Sarlui / Diamant'),(623,'Warp X'),(624,'Open Frames'),(625,'Factor 30 Films'),(628,'House Row Productions'),(629,'Filmkameratene A/S'),(630,'Hood River Entertainment'),(631,'New Light Films Limited'),(632,'Chessman Park Productions'),(633,'Adomeit Film'),(638,'VAE Productions'),(639,'Allegra Pictures'),(640,'Kismet Entertainment Group'),(644,'Rapi Films'),(646,'Palomar Pictures (I)'),(648,'Epic Pictures Group'),(651,'Miramax'),(653,'Mind the GAP Productions'),(654,'Atlas Independent'),(655,'Compton Films'),(656,'Variety Film'),(658,'Chromewood Productions'),(659,'Zupnik-Curtis Enterprises'),(663,'Toho Company'),(664,'Say Ahh Productions'),(665,'El Deseo'),(669,'Bandai Visual Company'),(674,'Prospero Pictures'),(675,'Dunning/Link/Reitman'),(677,'Lions Gate Entertainment'),(683,'Allied Vision'),(686,'Cadre Films'),(688,'Argyle Enterprises'),(691,'Ruthless Pictures'),(692,'ALT Entertainment'),(693,'Simcom Limited'),(694,'The Australian Film Commission'),(699,'Werner Herzog Filmproduktion'),(700,'Blazing Griffin'),(701,'Mutual General Corp.'),(702,'Filmirage'),(703,'New Oz Productions'),(704,'Plunge Pictures LLC'),(706,'Santa Fe Productions (I)'),(707,'Absurda'),(718,'Hypergiant Films'),(719,'British Broadcasting Corporation (BBC)'),(720,'The Tyler Perry Company'),(721,'Bac Films'),(723,'DACFILM Rome'),(724,'Level 10 Films'),(725,'Blood Relations Co.'),(726,'Kinoskopik s.l.'),(728,'Anabel Films S.A.'),(729,'Bingo Movie Development'),(730,'Freddie Fields Productions'),(731,'ETIC Films'),(732,'Anchor Bay Films'),(733,'Nu Boyana Film Studios'),(734,'Norm-Iris'),(735,'Millennium Films'),(739,'Fewlas Entertainment'),(740,'The Genre Co.'),(742,'Polygon Pictures'),(749,'Legendary Digital Media'),(750,'The Mirisch Corporation'),(753,'It\'s The Comeback Kids'),(754,'JoBro Productions & Film Finance'),(757,'IndustryWorks Pictures'),(758,'Reynolds Pictures'),(760,'Al Shorouk for Media Productions'),(761,'IndieVest Pictures'),(762,'The Lab of Madness'),(763,'Concorde Pictures'),(764,'Champs-Élysées Productions'),(765,'Maljack Productions'),(766,'Asmik Ace Entertainment'),(767,'The Ministry of Film'),(768,'Film Futures'),(769,'UK Film Council'),(770,'El Bar Producciones'),(771,'Halloween VI Productions'),(772,'Circle of Confusion'),(773,'AITD Productions'),(775,'Entity3'),(776,'Preferred Content'),(777,'Brookstreet Pictures'),(778,'Produzioni Intersound'),(780,'Walter Wanger Productions'),(782,'Exxodus Pictures'),(783,'Hidden Empire Film Group'),(784,'Realitism Films'),(786,'Arkoff International'),(788,'Canal+ España'),(789,'Blockbuster Films'),(790,'MPI Media Group'),(791,'Street Justice Films'),(792,'NALA Films'),(793,'Seraphim Films'),(794,'Anonymous Content Media'),(795,'DC Entertainment'),(798,'BondIt Media Capital'),(801,'Rizzoli Film'),(802,'Karbo Vantas Entertainment'),(804,'Piranha Productions'),(805,'Tigon British Film Productions'),(806,'C.H.U.D. Productions'),(807,'StudioCanal'),(809,'ITC Films'),(810,'EMA Films'),(812,'Regina Ziegler Filmproduktion'),(813,'Aeteas Filmproduktions'),(816,'Alcove Entertainment'),(817,'Samson Films'),(819,'Steel House Productions'),(822,'Milk & Media'),(823,'Voltage Pictures'),(828,'Ambi Pictures'),(829,'Wigwam Films'),(831,'Saban Films'),(832,'Trancas International Films'),(833,'Penta Films'),(834,'USA Films'),(835,'Cinemand'),(836,'Bad Cop Bad Cop Film Productions'),(837,'Woolner Brothers Pictures Inc.'),(840,'Indomitable Entertainment'),(842,'Les Artistes Anonymes'),(844,'Incentive Filmed Entertainment'),(845,'Filmline'),(846,'Fifth Avenue Entertainment'),(849,'Famous Films (II)'),(851,'Hybrid'),(852,'Magnet Releasing'),(853,'21st Century Film Corporation'),(854,'Shooting Gallery'),(855,'TF1 International'),(856,'ContentFilm International'),(857,'Mushroom Pictures'),(859,'New Century Entertainment'),(861,'CNCAIMC'),(862,'Cinestate'),(863,'Hammer Films'),(864,'Rooster Teeth Productions'),(865,'Street Trash Joint Venture'),(867,'Casual Productions'),(871,'ArtCastle'),(872,'Vista Organization'),(873,'Hollywoodmade'),(875,'2 Loop Films'),(876,'Hero Entertainment'),(878,'Exclusive Media Group'),(879,'Midnight Kitchen Productions'),(880,'Decla-Bioscop AG'),(882,'Basket Case Productions'),(883,'Saturn Films'),(884,'Tonylyn Productions Inc.'),(886,'Image Organization'),(887,'Fun Entertainments'),(888,'Primal Pictures (II)'),(889,'Mutual Film Company'),(890,'Nicolas Entertainment'),(891,'Starchild Pictures'),(892,'Graduation'),(894,'Sigma Cinematografica Roma'),(895,'Caramel Film'),(896,'Alvarez Company'),(898,'Filmsonor'),(899,'GMM Pictures Co.'),(901,'Belladonna Productions'),(902,'Rhombus Media'),(904,'White Lair'),(905,'Jagger/Wagner Productions'),(908,'LWH Entertainment'),(909,'TIK Films'),(910,'The Collective Studios'),(911,'Theatre Of Material'),(912,'Great American Films Limited Partnership'),(913,'Metrodome Distribution'),(917,'Palisades Partners'),(918,'Alligator Inc.'),(921,'Cartel Productions'),(922,'Digital Frontier'),(923,'Fulvia Film'),(924,'Wytwórnia Filmów Dokumentalnych i Fabularnych (WFDiF)'),(925,'Carousel Pictures'),(927,'Brothers Dowdle Productions'),(928,'Sorcerer Productions'),(930,'Kôdansha'),(931,'Butter Stories'),(932,'Cine365 Films'),(933,'Black Fish Films'),(936,'Broken Lizard Industries'),(938,'Indomina Productions'),(939,'Vertigo Films'),(940,'First Look Pictures'),(943,'Rogue'),(945,'Frehand'),(946,'NGN Productions'),(947,'Roger Corman Productions'),(948,'Braun Entertainment Group'),(951,'Death Mountain Productions'),(952,'Michael Powell (Theatre)'),(953,'Wild Bunch'),(961,'M3 Alliance'),(962,'Dania Film'),(963,'Curmudgeon Films'),(964,'Throttle Films'),(965,'Touchstone Pictures'),(966,'Magnum Motion Pictures Inc.'),(970,'Hammerhead Productions'),(971,'Caffeination'),(972,'ArieScope Pictures'),(975,'Dark Sky Films'),(976,'Nest Holdings'),(980,'Granada Films'),(981,'Sagittaire Films'),(983,'Farcaster Films'),(984,'PSC'),(986,'Almena Films'),(988,'Genco'),(989,'Metalheads'),(991,'RADiUS-TWC'),(994,'Big Hit Productions'),(995,'Harcourt Productions'),(996,'Cannon Pictures'),(997,'Magnum Pictures Inc.'),(999,'Brooksfilms'),(1000,'Southern Light Films'),(1001,'Wyolah Films'),(1002,'Dentsu'),(1005,'Troll Court Entertainment'),(1006,'Hawk Films'),(1007,'Di Bonaventura Pictures'),(1008,'PalmStar Media'),(1009,'RatPac-Dune Entertainment'),(1012,'Original Film'),(1015,'Platinum Dunes'),(1016,'TSG Entertainment'),(1017,'Videa'),(1019,'Skydance Media'),(1022,'Twentieth Century-Fox Productions'),(1025,'Chris Morgan Productions'),(1027,'Centre National du Cinéma et de l\'Image'),(1031,'Protozoa Pictures'),(1033,'Vinson Films'),(1035,'The Safran Company'),(1036,'EMJAG Productions'),(1037,'Vendian Entertainment'),(1038,'Defender Films'),(1039,'Village Roadshow Pictures'),(1040,'Eldorado Film'),(1041,'Sony Pictures Entertainment (SPE)'),(1043,'RT Features'),(1044,'Mutant Enemy'),(1048,'Woods Entertainment'),(1050,'Annapurna Pictures'),(1054,'Umedia'),(1056,'A Band Apart'),(1060,'Les Productions Artistes Associés'),(1061,'Cinerenta Medienbeteiligungs KG'),(1062,'Hoya Productions'),(1063,'IM Global'),(1065,'Tea Shop & Film Company'),(1066,'U.S. Films'),(1069,'Falcon International Productions'),(1070,'Severn Screen'),(1072,'Platinum Platypus'),(1073,'Imaginarium Productions'),(1076,'Eggplant Pictures'),(1078,'Causeway Films'),(1082,'Weimaraner Republic Pictures'),(1085,'RedPeter Film'),(1086,'Lege Artis'),(1087,'Sony Pictures International'),(1088,'Perfect World Pictures'),(1089,'British Film Institute (BFI)'),(1091,'Turman-Foster Company'),(1092,'Grodnik /Aloe Productions'),(1095,'Pandora Filmproduktion'),(1098,'Dragonfly Entertainment'),(1099,'Media Home Entertainment'),(1100,'Madhouse Entertainment'),(1103,'British Film Council'),(1104,'Laurel Productions'),(1105,'Libra Films'),(1110,'3Roundburst Productions'),(1113,'Saw Productions Inc.'),(1114,'Making Film'),(1115,'Bankside Films'),(1116,'MICA Entertainment'),(1119,'Raw Nerve'),(1120,'ETA Films'),(1121,'Darkwoods Productions'),(1122,'Pfaff & Pfaff Productions'),(1124,'Bold Films'),(1125,'Le Pacte'),(1128,'Monkey Pack Films'),(1132,'Michael De Luca Productions'),(1133,'Lyncanthrope Films'),(1138,'Film Science'),(1139,'Mandalay Pictures'),(1143,'Zide-Perry Productions'),(1144,'Imaginary Forces'),(1146,'Aperture Entertainment'),(1151,'Zentropa International Köln'),(1153,'Sogecine'),(1154,'St. Agatha'),(1156,'Creative England'),(1160,'Foxtail Entertainment'),(1161,'Lawrence Gordon Productions'),(1165,'New Amsterdam Entertainment'),(1166,'Extension 765'),(1171,'MadRiver Pictures'),(1172,'Parkes+MacDonald Image Nation'),(1173,'Dune Entertainment'),(1174,'Misher Films'),(1175,'Detention Films'),(1176,'Northmen Productions'),(1178,'Silent Hill DCP Inc.'),(1179,'Caro-McLeod'),(1180,'BenderSpink'),(1183,'Ugly Duckling Films'),(1185,'Maddock Films'),(1191,'New Legacy'),(1193,'Alliance Entertainment'),(1197,'Los Hooligans Productions'),(1198,'Red Wagon Entertainment'),(1199,'Global Entertainment Productions GmbH & Company Medien KG'),(1200,'No Frills Film Production'),(1201,'Burg Koules Hoffman Productions'),(1204,'Participant Media'),(1209,'Halcyon Pictures'),(1211,'H Films'),(1212,'Aramid Entertainment Fund'),(1213,'Corvus Corax Productions'),(1214,'Chimney'),(1216,'Impact Pictures'),(1217,'Gunpowder & Sky'),(1218,'Modern Girl Productions'),(1220,'Vision IV'),(1221,'Blind Wink Productions'),(1222,'Vortex Sutra'),(1224,'De Milo'),(1225,'Larry Franco Productions'),(1226,'Oliane Productions'),(1232,'Big Talk Productions'),(1234,'2929 Productions'),(1238,'Social Construct'),(1242,'Make Movies'),(1243,'Loubyloo Productions'),(1246,'Showbox/Mediaplex'),(1248,'Red Dragon Productions S.A.'),(1250,'Delphi Premier Productions'),(1251,'Shawn Danielle Productions Ltd.'),(1252,'Nightfall Productions'),(1253,'Cecchi Gori Group Tiger Cinematografica'),(1254,'Eyetronics'),(1255,'STX Entertainment'),(1258,'Cinergi Pictures Entertainment'),(1264,'Troublemaker Studios'),(1265,'Intellectual Properties Worldwide (I)'),(1268,'King-Hitzig Productions'),(1270,'Room 101'),(1271,'Fox International Production'),(1272,'Interscope Communications'),(1273,'CiBy 2000'),(1274,'Dark Horse Entertainment'),(1275,'Down Home Entertainment'),(1277,'Imagination Design Works'),(1278,'Meridian Productions'),(1279,'Sandrew Metronome Distribution Sverige AB'),(1280,'Sony Pictures Animation'),(1281,'Circle 18'),(1282,'Baltimore Pictures'),(1286,'Scion Films'),(1288,'Kuzui Enterprises'),(1290,'Keith Barish Productions'),(1295,'Hard Eight Pictures'),(1298,'Duplass Brothers Productions'),(1300,'Summer Knowledge LLC'),(1301,'North Box Productions'),(1302,'Prana-Film GmbH'),(1303,'Altitude Film Entertainment'),(1304,'Marrowbone'),(1305,'Winkast Film Productions'),(1308,'Dynamic Effects Canada'),(1309,'Nostromo Pictures'),(1311,'Jason Productions'),(1312,'Dana Lustig Productions'),(1313,'Konrad Pictures'),(1314,'Beacon Pictures'),(1316,'Charlie Productions'),(1317,'Mandalay Vision'),(1318,'LF2 Productions'),(1319,'Sohum Shah FIlms'),(1322,'Rouge International'),(1323,'Wild Street Pictures'),(1325,'Reliance Entertainment'),(1330,'Premiere Picture'),(1331,'Harvey Bernhard Productions'),(1334,'Gordon Company'),(1335,'Logical Pictures'),(1336,'Kintop Pictures'),(1339,'Teeth'),(1342,'Chungeorahm Film'),(1344,'Eldorado Films'),(1346,'Unbroken Pictures'),(1347,'Spyglass Entertainment'),(1348,'Potboiler Productions'),(1352,'Laurel Group'),(1358,'Fox Films'),(1359,'Underworld Entertainment'),(1360,'David Kirschner Productions'),(1364,'Taggart Productions'),(1365,'Jim Henson Productions'),(1366,'Vistar Films'),(1367,'Insight Film Studios'),(1370,'Roth-Arnold Productions'),(1371,'Australian Film Finance Corporation (AFFC)'),(1372,'Breakthrough Entertainment'),(1374,'Wega Film'),(1375,'Grupo Rodar'),(1377,'Memento Films International'),(1378,'Retina Fabrik'),(1379,'Filmax'),(1384,'Apaches Entertainment'),(1387,'Mosaic Media Group'),(1388,'Mark Canton Productions'),(1390,'Victor & Grais Productions'),(1391,'Practical Pictures'),(1393,'Kanzaman'),(1394,'Guardian Trust Company'),(1395,'Studio 37'),(1397,'Constantin Film Ltd.'),(1398,'Film i Väst'),(1402,'Oz Productions Ltd.'),(1408,'The Night Co.'),(1410,'Hal Lieberman Company'),(1412,'Killer Films'),(1413,'Evandine Productions'),(1416,'The Weinstein Company'),(1419,'Jerry Bruckheimer Films'),(1420,'Borderline Presents'),(1425,'OZPIX Entertainment'),(1426,'T Films'),(1427,'Ingenious'),(1434,'Palisades California Inc.'),(1435,'New Zealand Film Commission'),(1437,'Millman Productions'),(1438,'Northern Ontario Heritage Fund'),(1439,'Fantastic Films'),(1440,'Infinite Frameworks Pte. Ltd.'),(1443,'Return Productions'),(1445,'Kotobuki Seihan Printing'),(1446,'Davis Films/Impact Pictures (RE5)'),(1449,'Crystal Lake Entertainment'),(1450,'Sigma Films'),(1452,'Contrafilm'),(1454,'First Love Films'),(1455,'Zed Filmworks'),(1460,'Best Medicine Productions'),(1461,'Heron Communications'),(1463,'The South Australian Film Corporation'),(1464,'Alan Landsburg Productions'),(1472,'EuropaCorp'),(1473,'Re-Animator Productions'),(1474,'TAFT Entertainment Pictures'),(1475,'LStar Capital'),(1476,'EDI'),(1480,'Bedlam Productions'),(1481,'Grindstone Entertainment Group'),(1482,'Cold Spring Pictures'),(1484,'Destro Films'),(1486,'K. JAM Media'),(1487,'First Generation Films'),(1490,'Creators Company Connection'),(1492,'Imagine Entertainment'),(1495,'The Guber-Peters Company'),(1496,'A Bigger Boat'),(1499,'Sandbar Pictures'),(1500,'Near Dark Joint Venture'),(1501,'Jeff Rice Films'),(1503,'Studio Solutions'),(1504,'DDP Studios'),(1505,'Sho Films'),(1507,'Easedram Limited'),(1508,'Ingenuity Studios'),(1509,'Friday Four Films Inc.'),(1510,'Piano'),(1512,'Chapter One Films'),(1513,'Film Development Fund'),(1514,'Seven Pictures'),(1517,'Alliance Atlantis Communications'),(1518,'Laurel-Show Inc.'),(1519,'VAST Entertainment & Media'),(1520,'Busted Shark Productions'),(1522,'Future Films'),(1523,'Wolf Films'),(1524,'WithAnO Productions'),(1526,'Mindfire Entertainment'),(1527,'Stonebridge Entertainment'),(1528,'Japan Satellite Broadcasting (JBS)'),(1530,'Moviehead Pictures'),(1532,'Panpokopina'),(1533,'Syfy'),(1535,'Foggy Bottom Pictures'),(1537,'Item 7'),(1540,'Cave Painting Pictures'),(1541,'Blue Dot Productions'),(1542,'Rust Creek'),(1543,'Manis Film'),(1544,'Horror Inc.'),(1545,'Vertigo Entertainment'),(1546,'BR Films'),(1547,'REI Capital'),(1548,'Likely Story'),(1550,'Media Rights Capital (MRC)'),(1556,'Truth and Soul Pictures'),(1558,'Will Packer Productions'),(1559,'Bloody Disgusting'),(1560,'Omega Micott Inc.'),(1562,'Myriad Pictures'),(1567,'Midnight Picture Show'),(1568,'Somnia Productions'),(1570,'Bekmambetov Projects Ltd. (BPL)'),(1572,'NEO Motion Pictures'),(1573,'Largo Entertainment'),(1574,'Machaco Films'),(1578,'Masulpiri Films'),(1579,'Seymour Films'),(1580,'XYZ Films'),(1581,'Vincent Newman Entertainment'),(1582,'Dark Web Productions'),(1585,'Content Media'),(1590,'Herold Productions'),(1591,'Silver Screen Partners II'),(1592,'ITM Productions'),(1593,'Focus Features International'),(1597,'Lost Hills Film Fund'),(1601,'Warner Bros. Film Productions Germany'),(1602,'Burg/Koules Productions'),(1603,'Water Pictures'),(1606,'79th & Broadway Entertainment'),(1607,'The Harvey Boys'),(1612,'Canal+ Droits Audiovisuels'),(1614,'Lynx Location Services'),(1615,'Media Development Authority (MDA)'),(1617,'Chiodo Brothers Productions'),(1619,'Rook Films'),(1620,'Global Group'),(1624,'Karz Entertainment'),(1625,'Film Fund FUZZ'),(1629,'Bord Cadre Films'),(1632,'New Daughter Productions'),(1635,'Scatena & Rosner Films'),(1636,'The Noel Gay Motion Picture Company'),(1638,'FGM Entertainment'),(1641,'International Film Investors'),(1642,'Fadsin Cinema Associates'),(1644,'Avatar Audio Post Production'),(1645,'Turner Pictures (I)'),(1646,'Winchester Pictures Corporation'),(1647,'The Cropsy Venture'),(1648,'Gunn Films'),(1649,'Lydiard Films'),(1651,'Tekli British Productions'),(1655,'Bella Productions'),(1656,'Téléfilm Canada'),(1658,'Mace Neufeld Productions'),(1659,'Toho Eizo Co.'),(1661,'Tequila Gang'),(1662,'ShadowCatcher Entertainment'),(1665,'Ozla Productions'),(1666,'Cinema 77'),(1668,'Middle Fork Productions'),(1669,'Neo Art & Logic'),(1670,'Resolute Films and Entertainment'),(1674,'Famous Players'),(1676,'Hoyts Distribution'),(1677,'Emu Creek Pictures'),(1679,'Fuji Eight Company Ltd.'),(1681,'Storm King Productions'),(1682,'Filmways Pictures'),(1686,'Lion Films'),(1688,'Balaji Motion Pictures'),(1690,'Territorial Film Developments (TFD)'),(1693,'Columbus Circle Films'),(1696,'Parkhouse Pictures'),(1698,'Red Horse Films'),(1702,'MK2 Diffusion'),(1703,'New Regency Pictures'),(1704,'Jeffrey Konvitz Productions'),(1705,'Eclectik Vision'),(1706,'Atmosphere Entertainment MM'),(1707,'Licht/Mueller Film Corporation'),(1710,'Canal Plus'),(1711,'Dynamite Entertainment'),(1712,'Sabre Film Production'),(1713,'Arcadia'),(1714,'Cloud Nine Entertainment'),(1717,'Allarcom Limited'),(1719,'Battle of Ireland Films'),(1720,'Vanguard'),(1721,'Pokeepsie Films'),(1726,'Engulf & Devour Productions Inc.'),(1727,'New Normal Films'),(1729,'Sun City Films'),(1730,'Cindy Cowan Entertainment'),(1735,'Benaroya Pictures'),(1737,'TOHO animation'),(1741,'Taryn Prov'),(1743,'Twin Engine Films'),(1744,'Kids At Play'),(1748,'New Artist Pictures'),(1749,'Just Believe Productions'),(1750,'Oak'),(1751,'Spelling Films'),(1752,'American Mary Productions'),(1754,'Intermedia Films'),(1755,'Albatross Production Company'),(1756,'North by Northwest Entertainment'),(1758,'Trinity Pictures'),(1759,'Lux Film'),(1761,'NBCUniversal Entertainment'),(1762,'General Media Entertainment'),(1764,'Filmstiftung Nordrhein-Westfalen'),(1765,'Atresmedia Cine'),(1767,'Royal Viking Entertainment'),(1769,'Stag Pictures'),(1770,'Global Genesis Group'),(1771,'Instinctive Film'),(1778,'McIntosh Films'),(1779,'Elle Driver'),(1782,'Dominion Productions'),(1784,'DEJ Productions'),(1785,'Constructovision'),(1789,'Ball & Chain Productions'),(1791,'Omnilab Media'),(1793,'Global Renaissance Entertainment Group'),(1794,'Jinks/Cohen Company'),(1797,'Fine Productions'),(1800,'Chilton Films'),(1802,'BBC Films'),(1803,'Sobini Films'),(1804,'Elliott Kastner Productions'),(1807,'Syrreal Entertainment'),(1812,'Tall Man Films'),(1817,'Constance Media'),(1818,'Elevated Productions'),(1819,'Outerbanks Entertainment'),(1821,'Distant Corners Entertainment Group Inc.'),(1822,'Capri Films'),(1829,'Scout Productions'),(1830,'The Mark Gordon Company'),(1831,'Dogfish Pictures'),(1834,'Peerford Ltd.'),(1835,'Paul Schiff Productions'),(1836,'Altar Productions'),(1838,'Delphi V Productions'),(1839,'Next Films'),(1841,'Trans Atlantic Entertainment'),(1842,'11:11 Mediaworks'),(1843,'Motion Picture Capital'),(1847,'MarVista Entertainment'),(1849,'Snider Than Thou Productions Inc.'),(1852,'Best FX Adelaide'),(1854,'The Vista Organisation'),(1855,'Frank Yablans Presentations'),(1856,'Fondo de Fomento a la Calidad Cinematográfica'),(1857,'Fangoria'),(1861,'Scythia Films'),(1862,'The Black Room Cleopatra'),(1865,'Maloof Motion Pictures'),(1866,'Destroy All Entertainment'),(1870,'A Loopy Production LLC'),(1871,'Muse Productions'),(1874,'PTG Nevada'),(1876,'Incessant Barking Productions Inc.'),(1878,'Long Shot Pictures'),(1879,'Valley Forge Films'),(1880,'Imagica'),(1881,'Pierre David'),(1890,'Mednick Productions'),(1892,'Elgin International Films Ltd.'),(1893,'Vera Films'),(1894,'Phenomena'),(1897,'Whizbang Films'),(1898,'Glass Eye Pix'),(1900,'StarTree Productions'),(1902,'J&M Entertainment'),(1907,'Vestron Pictures'),(1910,'Estudios Picasso'),(1915,'First Point Entertainment'),(1919,'Platige Image'),(1922,'Poughkeepsie Films'),(1925,'Licri'),(1926,'Dave Made An LLC'),(1927,'Magic Lantern'),(1931,'Cataland Films'),(1933,'Keel Films'),(1935,'Republic Pictures (II)'),(1937,'Unique Features'),(1939,'Parallactic Pictures'),(1940,'N2ition Cinema'),(1941,'Prospect Park'),(1942,'Santa Clara Productions'),(1943,'Carnelian Productions'),(1944,'Larande Productions'),(1945,'Ten Thirteen Productions'),(1949,'Glacier Films'),(1951,'Cinépix'),(1953,'Jewell Enterprises Inc.'),(1955,'M3 Creative'),(1956,'Medusa Distribuzione'),(1958,'Indigo Pictures'),(1959,'Pandemonium Productions'),(1961,'KC Medien'),(1963,'Debra Hill Productions'),(1967,'Mandate Pictures'),(1970,'Sleeping Otters Productions'),(1972,'Associated Capital'),(1973,'Benmar Productions'),(1974,'Captain Movies'),(1976,'Gigantic Pictures'),(1979,'Fort Films'),(1981,'Eleven Arts'),(1983,'Media Talent Group'),(1985,'High Seas Entertainment'),(1990,'The Return of Myers'),(1993,'Rhea Films (II)'),(1995,'Fuji Television Network'),(1996,'Bron Creative'),(1998,'Peregrine'),(1999,'Flagship Entertainment Group'),(2000,'Finch Entertainment'),(2002,'QC Entertainment'),(2004,'Department of Trade and Industry of South Africa'),(2005,'Night Blade Holdings'),(2006,'Sunday Night'),(2008,'First Sun'),(2010,'Scott Rudin Productions'),(2012,'Oren Peli / Brian Witten Pictures'),(2014,'Digital Riot Media'),(2015,'Boyana Film Studios'),(2016,'Dylan Clark Productions'),(2018,'Copenhagen Film Fund'),(2019,'Les Cinémas de la Zone'),(2023,'Khara Corporation'),(2024,'Evergreen Media Group'),(2027,'Funny or Die'),(2028,'DC Comics'),(2031,'Pariah'),(2032,'Rooks Nest Entertainment'),(2034,'Osiris Films'),(2037,'Vice Films'),(2039,'Legion M'),(2041,'Hemisphere Media Capital'),(2042,'Working Title Films'),(2044,'Cinelamda Internationale Filmproduktionsgesellschaft mbH & Co. 1 Beteiligungs-KG'),(2046,'Haunted Movies'),(2047,'Two Flints'),(2048,'Entertainment Studios Motion Pictures'),(2055,'Realmbuilders Productions'),(2057,'Primary Wave Entertainment'),(2059,'Movie Trailer House'),(2062,'Scholastic Entertainment'),(2064,'Ombra Films'),(2065,'Infinitum Nihil'),(2066,'Movic Comics'),(2067,'The Invitation'),(2068,'Stolen Picture'),(2070,'Silver Reel'),(2073,'Aloe Entertainment'),(2076,'Snow Wolf Produktion'),(2078,'Sobras International Pictures'),(2079,'Smart Egg Pictures'),(2080,'It Is No Dream Entertainment'),(2081,'Protagonist Pictures'),(2085,'CinéCinéma'),(2086,'ImageMovers'),(2087,'Wonderland Sound and Vision'),(2088,'Spellbound Entertainment'),(2092,'Head Gear Films'),(2094,'Impostor Pictures'),(2096,'International Production Company'),(2097,'1428 Films'),(2099,'Love & Death Productions (LDP)'),(2102,'Rai Cinema'),(2105,'Charades'),(2106,'Studio Babelsberg Motion Pictures'),(2108,'Cloverfield Productions'),(2109,'Stars Road Entertainment'),(2115,'VisionChaos Productions'),(2116,'Spectrum Effects'),(2118,'Marvel Enterprises'),(2119,'Altitude Entertainment'),(2122,'Grey Matter Productions'),(2123,'Slot Machine'),(2124,'NPV Entertainment'),(2125,'Las Producciones del Escorpión'),(2126,'The Outside Writers'),(2127,'The Sommers Company'),(2131,'Phantom Four'),(2132,'Starlite Films'),(2133,'Pull Down Your Pants Pictures'),(2134,'Metropolitan Filmexport'),(2146,'RadicalMedia'),(2150,'Skywalk Films'),(2151,'Radar Pictures'),(2152,'Propaganda Films'),(2155,'MTV Films'),(2157,'Media Cooperation One'),(2158,'Turbo Productions'),(2160,'Major Studio Partners'),(2165,'Wilson-Maddock Production'),(2166,'Serendipity Productions'),(2169,'Imagenation Abu Dhabi FZ'),(2173,'Tartan Films'),(2174,'Rivdel Films'),(2175,'Title Media'),(2179,'Iguana Producciones'),(2183,'Neighborhood Film Co.'),(2185,'New Regency Productions'),(2186,'Sirena Film'),(2188,'Toma 78'),(2190,'Marianne Productions'),(2192,'Furthur Films'),(2193,'Brucks Entertainment'),(2194,'Smart Entertainment'),(2195,'Dartmouth International'),(2197,'Adelstein-Parouse Productions'),(2199,'Dreamher Productions'),(2201,'Tangled Web Productions'),(2203,'Mandeville Films'),(2204,'Eden Rock Media'),(2207,'Peppermint & Company'),(2208,'Mainline Pictures'),(2211,'Polar Film'),(2214,'Avery Pix'),(2217,'Mind Hive Films'),(2226,'Rodriguez International Pictures'),(2227,'Aja / Levasseur Productions'),(2233,'Ivanhoe Pictures'),(2235,'Twin Peaks Productions'),(2236,'Internationale Filmproduktion Eagle'),(2237,'Black Sky Entertainment'),(2238,'Doom Productions'),(2240,'Paragon Arts International'),(2241,'Filmpool Nord'),(2242,'Happy Madison Productions'),(2243,'STANDOFF Pictures'),(2244,'Constant c Productions'),(2249,'Sandollar'),(2252,'Silver Pictures'),(2253,'Kumar Mobiliengesellschaft mbH & Co. Projekt Nr. 1 KG'),(2261,'Mogambo'),(2262,'Union'),(2264,'White Comet Films'),(2265,'Konami'),(2266,'Temple Hill Entertainment'),(2267,'Frank Mancuso Jr. Productions'),(2268,'Buffalo Gal Pictures'),(2270,'Lucifilms'),(2271,'Rocking Chair Productions'),(2272,'Casualties Bureau'),(2273,'Studio Babelsberg'),(2277,'Frakas Productions'),(2284,'Shudder Films'),(2289,'Mars Films'),(2290,'Preger Entertainment'),(2291,'Troika Pictures'),(2295,'Los Angeles Media Fund (LAMF)'),(2296,'Boston Investments'),(2298,'D.L.N. Ventures Partnership'),(2301,'Red Hour Films'),(2302,'Element Pictures'),(2303,'Buckaroo Entertainment'),(2308,'Fellah Pictures'),(2312,'Castel Film Romania'),(2315,'Votiv Films'),(2316,'The Jim Henson Company'),(2317,'Columbia Pictures Industries'),(2318,'Helsing Releasing'),(2321,'Pictures in Paradise'),(2322,'Particular Crowd'),(2323,'Pelican Point Media'),(2324,'Österreichischer Rundfunk (ORF)'),(2325,'Rodar y Rodar Cine y Televisión'),(2326,'Cinerenta-Cinebeta'),(2329,'Instituto de la Cinematografía y de las Artes Audiovisuales (ICAA)'),(2331,'Firm Films'),(2333,'Expediente La Película A.I.E.'),(2337,'Ion Pictures'),(2338,'Parallel Zide'),(2340,'Ink Connection'),(2344,'Filmgate Films'),(2349,'Syon Media'),(2351,'Lobster Enterprises'),(2355,'Showtime Networks'),(2359,'Terror Films Inc.'),(2365,'Sketch Films'),(2368,'The Fyzz Facility'),(2371,'Angeles Entertainment Group'),(2374,'Avalon/NFU Studios'),(2375,'Edge West Productions'),(2377,'Filmax Entertainment'),(2378,'m45 Productions'),(2380,'Ultra Muchos Productions'),(2381,'Random Films'),(2382,'Asahi Broadcasting Corporation (ABC)'),(2383,'Capcom Company'),(2385,'Friday X Productions'),(2386,'Thruline Entertainment'),(2387,'Mid Atlantic Films'),(2390,'Go Insane Films'),(2396,'403 Productions'),(2397,'MCA Theatricals'),(2398,'Eskwad'),(2399,'Dead Films Inc.'),(2409,'Gold Star Films'),(2411,'Invincible Pictures'),(2412,'A.R. Films'),(2414,'Artists First'),(2416,'International Film Corporation (II)'),(2422,'Josephson Entertainment'),(2423,'Lipsync Productions'),(2424,'ULTRAMEDIA'),(2426,'Casadelic Pictures'),(2428,'Ulterior Productions'),(2431,'London-Cannon Films'),(2432,'Valhalla Motion Pictures'),(2434,'Garidi Films'),(2438,'Two Oceans Production (TOP)'),(2440,'Canadian Television Fund'),(2450,'IndieProd Company Productions'),(2455,'The Asylum'),(2456,'Ciné+'),(2458,'Zephyr Films'),(2459,'Mad Samurai Productions'),(2461,'Got Films'),(2465,'Vicarious Entertainment'),(2467,'Andale Pictures'),(2469,'Grove Hill Productions'),(2470,'This Is That Productions'),(2472,'Night Chronicles'),(2473,'Imaginarium Entertainment Group'),(2475,'Lava Bear Films'),(2476,'Plantain Films'),(2478,'Studio71'),(2479,'Alpha Group'),(2481,'The Cartel'),(2482,'GK Films'),(2485,'GreeneStreet Films'),(2487,'Panic Ventures'),(2488,'Apollo 18 Productions'),(2490,'Overseas FilmGroup'),(2491,'Spooky Tooth Productions'),(2493,'Echo Lake Entertainment'),(2499,'Defiant Studios'),(2500,'21 Laps Entertainment'),(2501,'Culmination Productions'),(2504,'Pitchblack Pictures'),(2507,'Benex Movie Expert Fund'),(2509,'Screen NSW'),(2512,'Mega Entertainment'),(2516,'Motion International'),(2521,'Gilbert Films'),(2522,'Saw 2 Productions'),(2523,'Panacea Entertainment'),(2531,'Endgame Entertainment'),(2533,'SF Norge A/S'),(2535,'CNC Aide aux cinémas du monde - Institut Français'),(2537,'PS 260'),(2541,'The Carousel Picture Company'),(2542,'Da Vinci Media Ventures'),(2545,'Wescom Productions'),(2547,'Bowsie Workshop'),(2551,'Doom Buggy Productions'),(2552,'Rumble Riot Pictures'),(2555,'Chevy Chase Films'),(2556,'Mantle Clinic II'),(2557,'Newmarket Films'),(2560,'Logan Pictures'),(2561,'Sogepaq'),(2562,'Double Feature Films'),(2566,'Professional Films'),(2569,'Wes Craven Films'),(2570,'Senator Film Produktion'),(2571,'Famous Players Film Company'),(2574,'Secret Films'),(2576,'De Naray Sothcott Entertainment'),(2578,'Lane Pringle Productions'),(2579,'Animationwerks'),(2584,'Prom Night Productions'),(2585,'ProdigyMovies'),(2586,'Sidney Kimmel Entertainment'),(2590,'Zweites Deutsches Fernsehen (ZDF)'),(2591,'Creative Scotland'),(2593,'Strand Releasing'),(2595,'Luna Pictures'),(2597,'Storm Alley Entertainment'),(2598,'Romero-Grunwald Productions'),(2599,'Team Todd'),(2602,'Quartet'),(2605,'Marubeni'),(2606,'Tilted Pictures'),(2607,'British Columbia Television'),(2608,'Litn-Up Films'),(2610,'Ikusgarri Films'),(2611,'China Film Group Corporation (CFGC)'),(2617,'Estudios Churubusco Azteca S.A.'),(2626,'Gotham Group'),(2628,'Ardor Pictures'),(2632,'Evolution Pictures'),(2633,'Outlaw Productions (I)'),(2634,'Lighthouse Films'),(2638,'Sedic Deux'),(2640,'Troopstar'),(2641,'Dan Films'),(2642,'Atresmedia'),(2643,'Nightfall'),(2647,'Streamline Global Group'),(2648,'Julijette'),(2652,'Arte France Cinéma'),(2654,'Post Amazers'),(2655,'Coser y Cantar'),(2656,'Peninsula Films'),(2657,'RingTheJing Entertainment'),(2659,'Star Thrower Entertainment'),(2660,'Ambience Entertainment'),(2663,'Visual Arts Entertainment'),(2666,'Zip Films'),(2667,'Saw VI Productions'),(2672,'Launchpad Productions'),(2673,'Transcontinental Film Productions (London)'),(2674,'Timpson Films'),(2675,'Stone Village Pictures'),(2679,'O\' Salvation'),(2684,'Act 4 Entertainment'),(2686,'Integrated Films & Management'),(2687,'Blue Star Productions'),(2689,'Tango Pictures'),(2691,'Erebus Pictures'),(2692,'October Films'),(2694,'Muskat Filmed Properties'),(2697,'Purple Pictures'),(2700,'Sierra / Affinity'),(2705,'Tim Burton Productions'),(2710,'Indion Entertainment Group'),(2711,'White Hot Productions'),(2715,'Grupo Del Toro'),(2716,'Ghost Horse'),(2722,'Stone Canyon Entertainment'),(2728,'Fairview Productions'),(2736,'Mutual Productions Ltd.'),(2739,'The Birthday Film Company'),(2740,'Paradise City'),(2741,'Yer Dead Productions'),(2743,'Enhance Entertainment'),(2744,'ThoughtFly Films'),(2745,'Cometstone Pictures'),(2746,'The Kraken Films'),(2750,'Fantastic Factory (Filmax)'),(2751,'Collision Entertainment'),(2755,'Telewizja Polska'),(2757,'Necropia'),(2758,'Nikkatsu'),(2759,'Foton Pictures'),(2760,'Revolver Picture Company'),(2763,'Coconut Pete Productions'),(2764,'Pinewood Studios'),(2770,'Final Girl Productions'),(2772,'Filmel'),(2773,'Scream HQ'),(2774,'Dune Entertainment III'),(2775,'Ontario Film and Television Tax Credit (OFTTC)'),(2777,'ML Delphi Premier Productions'),(2778,'DAL Productions'),(2779,'Duo Art Productions'),(2781,'Midnight Alliance'),(2782,'National Cinematografica'),(2783,'Alternate Ending Films'),(2785,'Capella International'),(2786,'David Foster Productions'),(2787,'Screenland Pictures'),(2789,'Persistent Entertainment'),(2790,'Site B'),(2793,'Capital Equipment Leasing'),(2799,'Spectacular Film Productions'),(2800,'RIM Entertainment'),(2804,'Radioaktive Film');
/*!40000 ALTER TABLE `Company` ENABLE KEYS */;
UNLOCK TABLES;

--
-- Table structure for table `Country`
--

DROP TABLE IF EXISTS `Country`;
/*!40101 SET @saved_cs_client     = @@character_set_client */;
 SET character_set_client = utf8mb4 ;
CREATE TABLE `Country` (
  `idCountry` int(11) NOT NULL AUTO_INCREMENT,
  `countryName` varchar(45) DEFAULT NULL,
  PRIMARY KEY (`idCountry`),
  UNIQUE KEY `idCountry1_UNIQUE` (`idCountry`)
) ENGINE=InnoDB AUTO_INCREMENT=925 DEFAULT CHARSET=utf8mb4 COLLATE=utf8mb4_0900_ai_ci;
/*!40101 SET character_set_client = @saved_cs_client */;

--
-- Dumping data for table `Country`
--

LOCK TABLES `Country` WRITE;
/*!40000 ALTER TABLE `Country` DISABLE KEYS */;
INSERT INTO `Country` VALUES (1,'Australia'),(2,'USA'),(4,'France'),(5,'English'),(7,'UK'),(18,'Italy'),(21,'Japan'),(28,'Denmark'),(37,'Germany'),(39,'New Zealand'),(41,'Canada'),(47,'Serbia'),(61,'Italian'),(86,'South Korea'),(90,'Switzerland'),(116,'Ireland'),(154,'Spain'),(164,'Japanese'),(186,'Hindi'),(281,'Swedish'),(321,'Marathi'),(362,'Romania'),(376,'German'),(379,'Norway'),(386,'Spanish'),(457,'Austria'),(513,'French'),(522,'Korean'),(574,'See more'),(633,'Mexico'),(644,'Indonesian'),(729,'China'),(759,'Netherlands'),(760,'Egypt'),(775,'Arabic'),(829,'Persian'),(880,'None'),(887,'India'),(899,'Thai'),(909,'Hong Kong'),(924,'Poland');
/*!40000 ALTER TABLE `Country` ENABLE KEYS */;
UNLOCK TABLES;

--
-- Table structure for table `Directors`
--

DROP TABLE IF EXISTS `Directors`;
/*!40101 SET @saved_cs_client     = @@character_set_client */;
 SET character_set_client = utf8mb4 ;
CREATE TABLE `Directors` (
  `dirID` int(11) NOT NULL AUTO_INCREMENT,
  `dirName` varchar(45) DEFAULT NULL,
  PRIMARY KEY (`dirID`)
) ENGINE=InnoDB AUTO_INCREMENT=1000 DEFAULT CHARSET=utf8mb4 COLLATE=utf8mb4_0900_ai_ci;
/*!40101 SET character_set_client = @saved_cs_client */;

--
-- Dumping data for table `Directors`
--

LOCK TABLES `Directors` WRITE;
/*!40000 ALTER TABLE `Directors` DISABLE KEYS */;
INSERT INTO `Directors` VALUES (1,'Grant Sputore'),(2,'Tate Taylor'),(3,'Jordan Peele'),(4,'Lars Klevberg'),(5,'Richard Shepard'),(6,'David Yarovesky'),(7,'Stanley Kubrick'),(8,'Jon Turteltaub'),(9,'Ari Aster'),(10,'Andy Muschietti'),(12,'Michael Chaves'),(13,'Adam Robitel'),(14,'David Gordon Green'),(15,'Elliot Silverstein'),(16,'John Krasinski'),(17,'Ridley Scott'),(18,'Luca Guadagnino'),(19,'Kevin Kölsch'),(20,'Alex Garland'),(21,'M. Night Shyamalan'),(22,'Bradley Parker'),(24,'Christopher Landon'),(25,'Neil Marshall'),(26,'Susanne Bier'),(27,'Corin Hardy'),(28,'Lars von Trier'),(29,'Mike Flanagan'),(30,'Gaspar Noé'),(31,'Julius Avery'),(32,'Darren Aronofsky'),(33,'Brian De Palma'),(34,'Nicholas McCarthy'),(35,'Hideaki Anno'),(36,'James Wan'),(37,'John R. Leonetti'),(38,'Nicolas Winding Refn'),(39,'Jemaine Clement'),(40,'Francis Lawrence'),(42,'Nikolaj Arcel'),(43,'Ruben Fleischer'),(44,'Robert Eggers'),(45,'Drew Goddard'),(46,'Francis Ford Coppola'),(47,'Srdjan Spasojevic'),(48,'Kevin Smith'),(49,'Wes Craven'),(50,'David F. Sandberg'),(51,'Ana Lily Amirpour'),(52,'Joel Schumacher'),(53,'Alfred Hitchcock'),(55,'Panos Cosmatos'),(56,'Daniel Espinosa'),(57,'Robert Rodriguez'),(58,'Marc Forster'),(59,'Tom Holland'),(60,'Edgar Wright'),(61,'Pier Paolo Pasolini'),(62,'Rob Zombie'),(63,'William Friedkin'),(65,'David Robert Mitchell'),(66,'Johannes Roberts'),(67,'Robert Hiltzik'),(68,'Joe Dante'),(70,'John Carpenter'),(71,'Gareth Evans'),(73,'S. Craig Zahler'),(74,'David Bruckner'),(75,'Deon Taylor'),(76,'Trey Edward Shults'),(77,'Oz Perkins'),(79,'Jennifer Kent'),(80,'Dan Gilroy'),(81,'Ari Sandel'),(82,'Sean S. Cunningham'),(83,'Jaume Collet-Serra'),(84,'Damien Leone'),(85,'Tim Burton'),(86,'Sang-ho Yeon'),(87,'Karyn Kusama'),(88,'Crispian Mills'),(89,'Gerard McMurray'),(90,'Jonathan Glazer'),(93,'Clive Tonge'),(94,'Fede Alvarez'),(95,'David Fincher'),(96,'Jim Jarmusch'),(97,'Diederik Van Rooijen'),(99,'Eli Roth'),(101,'Sylvain White'),(103,'Jeff Wadlow'),(104,'Danny Boyle'),(105,'Mary Lambert'),(106,'David Lynch'),(107,'Pascal Laugier'),(108,'Robert Zemeckis'),(109,'McG'),(110,'Sam Raimi'),(111,'A.T. White'),(112,'Tobe Hooper'),(113,'Daniel Myrick'),(115,'Benjamin Arfmann'),(116,'Lee Cronin'),(118,'André Øvredal'),(119,'Harald Zwart'),(121,'Daniel Farrands'),(122,'Frank Darabont'),(123,'Justin Benson'),(124,'James DeMonaco'),(125,'Scott Stewart'),(126,'Matteo Garrone'),(127,'Scott Derrickson'),(128,'Matt Reeves'),(129,'Coralie Fargeat'),(131,'Jean-Pierre Jeunet'),(134,'John Landis'),(136,'Kimberly Peirce'),(137,'Roger Donaldson'),(138,'Tom Six'),(139,'Jeremy Saulnier'),(142,'Zak Hilditch'),(143,'Dan Trachtenberg'),(144,'James Wong'),(145,'Stephen Norrington'),(146,'Neil Jordan'),(147,'Marc Meyers'),(149,'Julius Onah'),(153,'Steve Beck'),(154,'Alejandro Amenábar'),(155,'Darren Lynn Bousman'),(156,'Rob Cohen'),(157,'Colm McCarthy'),(159,'Dario Argento'),(161,'Sam Levinson'),(162,'Guillermo del Toro'),(163,'Ruggero Deodato'),(164,'Ishirô Honda'),(165,'Mark A.Z. Dippé'),(166,'Zack Snyder'),(167,'Steven Soderbergh'),(169,'Roman Polanski'),(170,'Merian C. Cooper'),(172,'Burr Steers'),(173,'Gore Verbinski'),(175,'Christian Alvart'),(176,'Jordan Downey'),(178,'Steven R. Monroe'),(179,'Christophe Gans'),(180,'Tarsem Singh'),(181,'Jordan Rubin'),(182,'Marcus Nispel'),(183,'Colin Minihan'),(184,'James Ward Byrkit'),(185,'Robin Hardy'),(186,'Amar Kaushik'),(188,'Bernard Rose'),(190,'Gary Shore'),(191,'Tommy Wirkola'),(192,'Paul W.S. Anderson'),(193,'Rob Schmidt'),(194,'Mike Marvin'),(195,'Stephen Susco'),(196,'Alexandre Aja'),(199,'Andrew Fleming'),(200,'Paul Verhoeven'),(201,'Ron Underwood'),(202,'Michael Spierig'),(204,'John Erick Dowdle'),(205,'Breck Eisner'),(207,'Duncan Skiles'),(208,'Daniel Goldhaber'),(209,'Vincenzo Natali'),(210,'Michael Haneke'),(211,'Clive Barker'),(212,'Mathieu Turi'),(213,'James Watkins'),(215,'Jonas Åkerlund'),(216,'Luis Llosa'),(218,'François Simard'),(219,'Gregory Wilson'),(221,'Bob Clark'),(223,'Olivier Assayas'),(224,'Anna Foerster'),(227,'Andrzej Zulawski'),(229,'Niels Arden Oplev'),(232,'Don Mancini'),(234,'Sebastian Gutierrez'),(235,'Glen Morgan'),(237,'Michael A. Simpson'),(238,'Paul McGuigan'),(239,'David Guy Levy'),(240,'Steve Miner'),(241,'Frank Marshall'),(243,'Jonathan Levine'),(244,'Eli Craig'),(245,'David Cronenberg'),(246,'Juan Carlos Fresnadillo'),(247,'Jee-woon Kim'),(248,'John Luessenhop'),(249,'Michael Mann'),(250,'Timur Bekmambetov'),(252,'David S. Goyer'),(254,'Ronny Yu'),(255,'Renny Harlin'),(256,'William Brent Bell'),(257,'Emma Tammi'),(259,'Stephen Sommers'),(260,'Andrew Douglas'),(262,'David Slade'),(264,'Pedro Almodóvar'),(265,'Adam Wingard'),(268,'Rob Letterman'),(269,'Neil LaBute'),(270,'Michael Wadleigh'),(273,'Hong-jin Na'),(274,'David Twohy'),(278,'Andrzej Bartkowiak'),(280,'Kevin Tenney'),(281,'Tomas Alfredson'),(282,'Genndy Tartakovsky'),(283,'Abel Vang'),(284,'Barry Levinson'),(285,'Joseph Zito'),(286,'Bryan Bertino'),(287,'Dean Devlin'),(288,'Dennis Iliadis'),(290,'Fran Rubel Kuzui'),(292,'Fred Dekker'),(293,'Stephen Hopkins'),(294,'John Guillermin'),(295,'Frank Oz'),(296,'Mark Jones'),(298,'Lucky McKee'),(299,'Peter Jackson'),(300,'Patrick Brice'),(301,'Ben Howling'),(302,'Jim Gillespie'),(303,'Ole Bornedal'),(304,'F.W. Murnau'),(305,'Jeremy Dyson'),(306,'Sergio G. Sánchez'),(307,'Alan Parker'),(308,'Matthijs van Heijningen Jr.'),(310,'M.J. Bassett'),(311,'Rodrigo Cortés'),(312,'John Lafia'),(314,'Assaf Bernstein'),(316,'Peter Hyams'),(318,'Ben Blaine'),(319,'Marjane Satrapi'),(320,'Alexandre Bustillo'),(321,'Rahi Anil Barve'),(322,'Jeannot Szwarc'),(323,'Ben Wheatley'),(324,'Julia Ducournau'),(325,'Brian Yuzna'),(326,'David R. Ellis'),(327,'Craig Gillespie'),(330,'Meir Zarchi'),(331,'Samuel Bayer'),(332,'Johnny Kevorkian'),(333,'Richard Donner'),(336,'George P. Cosmatos'),(338,'Mark Waters'),(339,'Brad Anderson'),(341,'Mitchell Lichtenstein'),(342,'Danny Steinmann'),(343,'Stacy Title'),(344,'Joon-ho Bong'),(345,'Luke Scott'),(346,'Nicolas Roeg'),(348,'Quinn Lasher'),(349,'Carter Smith'),(350,'Lenny Abrahamson'),(354,'George A. Romero'),(356,'Oren Peli'),(358,'Takashi Shimizu'),(359,'Greg McLean'),(360,'Dan O\'Bannon'),(361,'Albert Hughes'),(363,'Owen Egerton'),(365,'Joe Johnston'),(366,'Aaron Hann'),(369,'Bo Zenga'),(370,'Ellory Elkayem'),(372,'Jan de Bont'),(374,'Chad Archibald'),(375,'Travis Zariwny'),(377,'J.A. Bayona'),(378,'Victor Salva'),(379,'Joachim Trier'),(380,'Lukas Feigelfeld'),(381,'Jaume Balagueró'),(384,'Adrian Lyne'),(385,'Levan Gabriadze'),(386,'Paco Plaza'),(387,'Matt Angel'),(388,'Jim Wynorski'),(389,'Mike P. Nelson'),(390,'Raja Gosnell'),(391,'John Gulager'),(392,'Russell Mulcahy'),(393,'Mick Garris'),(395,'James Gunn'),(396,'Xavier Gens'),(398,'Franck Khalfoun'),(399,'Philip Kaufman'),(400,'Alexander Witt'),(401,'Fritz Böhm'),(403,'George Sluizer'),(405,'Walter Murch'),(407,'Rick Rosenthal'),(408,'Paul Schrader'),(409,'Michael Dougherty'),(412,'Leigh Whannell'),(413,'Nimród Antal'),(414,'Steven Quale'),(415,'Tommy O\'Haver'),(416,'Matthew Holness'),(419,'Mikael Håfström'),(420,'Matt Eskandari'),(421,'Tom McLoughlin'),(423,'Nicolas Pesce'),(425,'Lawrence Kasdan'),(427,'Måns Mårlind'),(428,'Chris Sun'),(429,'Stewart Raffill'),(430,'Brian Taylor'),(432,'Brian M. Conley'),(434,'Will Wernick'),(435,'Fritz Kiersch'),(436,'Stiles White'),(437,'Chuck Russell'),(439,'Joseph Sargent'),(440,'Michael S. Ojeda'),(441,'Adam MacDonald'),(443,'Liam O\'Donnell'),(446,'Kim Henkel'),(447,'Catherine Hardwicke'),(448,'Satoshi Kon'),(450,'Mathieu Kassovitz'),(451,'Jack Bender'),(452,'James Isaac'),(453,'Olaf de Fleur Johannesson'),(457,'Justin P. Lange'),(459,'Chee Keong Cheung'),(460,'Mark Tonderai'),(461,'F. Javier Gutiérrez'),(462,'Colin Strause'),(463,'Chris Peckover'),(465,'Chris Mul'),(467,'Joe Alves'),(471,'Jonathan Liebesman'),(472,'William Malone'),(473,'Michael Herz'),(474,'John Frankenheimer'),(476,'Stuart Gordon'),(477,'Lewis Teague'),(480,'Patrick Lussier'),(481,'Shinji Higuchi'),(483,'Stuart Hazeldine'),(484,'Henry Hobson'),(485,'Charles Guard'),(486,'Robert Bierman'),(488,'Stephen King'),(491,'Kevin Greutert'),(493,'Takashi Miike'),(494,'Daniel Attias'),(495,'Gus Van Sant'),(497,'Larry Cohen'),(498,'George Miller'),(500,'John Polson'),(502,'Michael Thelin'),(503,'Kathryn Bigelow'),(505,'Gil Kenan'),(506,'Todd Strauss-Schulson'),(507,'Cate Shortland'),(508,'Stephen Herek'),(509,'Flying Lotus'),(511,'Gregory Plotkin'),(512,'John Carl Buechler'),(513,'Yann Gonzalez'),(514,'Ciarán Foy'),(515,'David Gelb'),(516,'Thom Eberhardt'),(517,'Simon Verhoeven'),(519,'Tod Browning'),(521,'Michael Gornick'),(522,'Sung-hoon Kim'),(524,'Chris Gorak'),(526,'Stephan Rick'),(527,'Steve Wolsh'),(528,'Sidney J. Furie'),(529,'Uwe Boll'),(531,'Kenneth Branagh'),(532,'Seth Holt'),(533,'James Nguyen'),(535,'Shin\'ichirô Ueda'),(536,'Danny Roew'),(537,'Dominique Rocher'),(538,'Jack Heller'),(539,'Christopher Smith'),(540,'Jeff Renfroe'),(541,'Michael Rymer'),(543,'Jeremy Gillespie'),(545,'Jen McGowan'),(547,'Rob Hedden'),(550,'Jeff Nichols'),(551,'David Pastor'),(554,'Marcus Dunstan'),(555,'Alfred Sole'),(557,'Nicholas Woods'),(558,'Jason Zada'),(560,'Robert Aldrich'),(561,'Sam Miller'),(562,'Matt Bettinelli-Olpin'),(564,'Henry Joost'),(567,'Jack Sholder'),(568,'Rowan Joffe'),(569,'David Koepp'),(570,'Ryûhei Kitamura'),(571,'Mitzi Peirone'),(573,'Gonzalo López-Gallego'),(575,'Gregory Widen'),(577,'Demián Rugna'),(579,'Stuart Beattie'),(580,'Don Coscarelli'),(582,'Caradog W. James'),(584,'Stefan Ruzowitzky'),(585,'Chris von Hoffmann'),(586,'Akiva Schaffer'),(587,'Jack Arnold'),(588,'Dan Bush'),(589,'Tommy Lee Wallace'),(590,'Ken Russell'),(591,'James Foley'),(592,'Curtis Harrington'),(593,'Doron Paz'),(595,'Ted Berman'),(596,'Albert Pyun'),(597,'Chan-wook Park'),(599,'Andrew Traucki'),(601,'Michael Winnick'),(602,'Severin Fiala'),(605,'Fatih Akin'),(607,'John Fawcett'),(609,'Dave Meyers'),(610,'Victor Zarcoff'),(612,'Bobby Miller'),(613,'Joseph Ruben'),(615,'James Signorelli'),(616,'Jamie Blanks'),(617,'R.D. Braunstein'),(618,'Phillip Noyce'),(619,'Kimble Rendall'),(620,'Zach Lipovsky'),(621,'Stephen Chiodo'),(624,'Patricio Valladares'),(625,'Ben Young'),(628,'Stewart Hendler'),(630,'Seth Fuller'),(631,'Scott Vickers'),(632,'Peter Medak'),(633,'Amat Escalante'),(634,'Adam Marcus'),(635,'Jon Watts'),(636,'Luiso Berdejo'),(638,'Mark Rosman'),(639,'Isaac Gabaeff'),(641,'Tom Harper'),(642,'Rupert Wainwright'),(643,'Allan Holzman'),(644,'Joko Anwar'),(646,'Bryan Forbes'),(647,'Mark Pellington'),(648,'Brian O\'Malley'),(649,'Pixote Hunt'),(650,'Christian Nyby'),(651,'Tony Maylam'),(652,'Rob Minkoff'),(653,'Lin Oeding'),(656,'Lucio Fulci'),(657,'James Whale'),(661,'Nelson McCormick'),(663,'Koji Hashimoto'),(666,'Iain Softley'),(670,'Stuart Rosenberg'),(671,'Mel Brooks'),(672,'Dwight H. Little'),(674,'Anthony Scott Burns'),(677,'Douglas Aarniokoski'),(678,'George Mihalka'),(680,'David Nutter'),(682,'Joe Berlinger'),(683,'Brett Leonard'),(684,'Bruce D. Clark'),(687,'Robbie Pickering'),(688,'Robert Wise'),(689,'Gunther von Fritsch'),(690,'Stan Winston'),(692,'Bhushan Patel'),(693,'Paul Lynch'),(694,'David Nerlich'),(695,'Heitor Dhalia'),(698,'Martin Weisz'),(699,'Werner Herzog'),(700,'John McPhail'),(701,'Anthony M. Lanza'),(702,'Claudio Fragasso'),(703,'Robert Lee King'),(704,'Chris Kentis'),(705,'Barbara Peeters'),(706,'Amy Holden Jones'),(709,'Michael Winner'),(710,'Shane Abbess'),(712,'Rodman Flender'),(714,'David Hackl'),(715,'Jon Harris'),(716,'William Sachs'),(717,'Jacques Tourneur'),(718,'Damien Power'),(720,'Tyler Perry'),(721,'David Freyne'),(722,'Bruce Pittman'),(724,'Jack Perez'),(726,'Paul Urkijo Alijo'),(727,'Takao Okawara'),(728,'Narciso Ibáñez Serrador'),(729,'Stephen Chow'),(730,'Brian Gibson'),(731,'Antonia Bird'),(732,'Richard Bates Jr.'),(733,'Hèctor Hernández Vicens'),(734,'Harold P. Warren'),(736,'Danny Cannon'),(739,'Leigh Janiak'),(740,'Tod Williams'),(741,'Mike Nichols'),(742,'Hiroyuki Seshita'),(744,'Shûsuke Kaneko'),(745,'Simon West'),(747,'Hideo Nakata'),(749,'Michael J. Gallagher'),(750,'John Badham'),(751,'Akiva Goldsman'),(752,'Alistair Legrand'),(753,'Tyler MacIntyre'),(755,'Richard Franklin'),(757,'Jen Soska'),(758,'Edward D. Wood Jr.'),(760,'Marwan Hamed'),(761,'Joe Lynch'),(764,'Georges Franju'),(765,'John McNaughton'),(766,'Sion Sono'),(767,'Anne Goursaud'),(768,'Tony Randel'),(770,'Álex de la Iglesia'),(771,'Joe Chappelle'),(774,'Daniel Robbins'),(775,'Peter Dukes'),(777,'Jon Knautz'),(780,'Don Siegel'),(781,'Ethan Wiley'),(782,'Ajmal Zaheer Ahmad'),(784,'Quentin Dupieux'),(789,'David Jacobson'),(790,'Ti West'),(791,'Ross Patterson'),(794,'Kasra Farahani'),(795,'Sam Liu'),(796,'Sean Byrne'),(798,'Timothy Woodward Jr.'),(802,'Nacho Vigalondo'),(805,'Piers Haggard'),(806,'Douglas Cheek'),(807,'Nick Murphy'),(808,'Carlos Brooks'),(809,'Stanley Donen'),(811,'John Stockwell'),(813,'Don Edmonds'),(814,'Katt Shea'),(815,'Bruce Hunt'),(816,'Harmony Korine'),(817,'Liam Gavin'),(818,'Rachel Talalay'),(819,'Tom Nagel'),(820,'William Peter Blatty'),(821,'Jeff Baena'),(825,'Peter Cornwell'),(827,'Terry Gilliam'),(828,'Steven Shainberg'),(829,'Babak Anvari'),(836,'Craig Zobel'),(837,'Nathan Juran'),(839,'Tony Scott'),(842,'Rémy Belvaux'),(845,'Douglas McKeown'),(846,'Anthony Hickox'),(847,'John Moore'),(849,'Michael Anderson'),(851,'Peter Sullivan'),(852,'Jeffrey G. Hunt'),(853,'Tom Savini'),(854,'John Pieplow'),(855,'David Hayter'),(856,'Toby Wilkins'),(857,'Nicholas Verso'),(859,'Tibor Takács'),(862,'Sonny Laguna'),(863,'Terence Fisher'),(865,'James M. Muro'),(866,'Roxanne Benjamin'),(867,'Rolfe Kanefsky'),(868,'Gideon Raff'),(869,'Mark L. Lester'),(873,'Marcel Sarmiento'),(874,'Gary Sherman'),(876,'Michael Winterbottom'),(878,'Antti Jokinen'),(879,'Uli Edel'),(880,'Robert Wiene'),(881,'Matthew Bright'),(882,'Frank Henenlotter'),(883,'E. Elias Merhige'),(884,'Irvin S. Yeaworth Jr.'),(886,'Robert Kurtzman'),(887,'Prabhuraj'),(888,'Matt Duffer'),(889,'John Bruno'),(890,'Jeff Burr'),(891,'Paul Hyett'),(893,'David Moreau'),(895,'Clay Staub'),(896,'Phil Claydon'),(898,'Henri-Georges Clouzot'),(899,'Banjong Pisanthanakun'),(900,'J. Lee Thompson'),(901,'Jim Mickle'),(902,'Jason Eisener'),(903,'Jenn Wexler'),(905,'Ben Jagger'),(906,'Sonny Mallhi'),(907,'Anthony Waller'),(908,'Steve Barker'),(910,'Simon Barrett'),(912,'Bob Balaban'),(913,'Elliot Goldner'),(914,'Karen Moncrieff'),(920,'Will Canon'),(922,'Yasushi Kawamura'),(924,'Agnieszka Smoczynska'),(925,'Leo Scherman'),(926,'John Irvin'),(929,'Troy Nixey'),(931,'Bill Watterson'),(932,'Carles Torrens'),(933,'Adam Schindler'),(934,'Lamberto Bava'),(935,'Don Taylor'),(936,'Jay Chandrasekhar'),(937,'John Boorman'),(939,'Steven Gomez'),(941,'Malik Bader'),(942,'Jon Cassar'),(945,'Austin Vesely'),(946,'Tyler Shields'),(947,'Roger Corman'),(948,'Nicolas Gessner'),(949,'Jay Lee'),(950,'Chris Carter'),(951,'Adam Rehmeier'),(952,'Michael Powell'),(954,'Jonathan Milott'),(955,'Carl Schultz'),(958,'Patrick Magee'),(960,'Terence H. Winkless'),(962,'Umberto Lenzi'),(963,'Brett Simmons'),(964,'William Kaufman'),(965,'Walter Salles'),(966,'William Lustig'),(968,'Gordon Douglas'),(970,'Walter Hill'),(971,'John Pogue'),(972,'Adam Green'),(973,'Rodrigo García'),(974,'Terence Young'),(975,'Adrián García Bogliano'),(977,'Fraser C. Heston'),(979,'Yasir Al-Yasiri'),(980,'Eugenio Martín'),(981,'Jean-Baptiste Andrea'),(982,'Michael Crichton'),(983,'Boaz Yakin'),(984,'Nobuhiko Ôbayashi'),(985,'Jun Fukuda'),(986,'Juan Piquer Simón'),(989,'Jason Lei Howden'),(990,'D.J. Caruso'),(991,'Daniel Stamm'),(995,'Herk Harvey'),(997,'Dominique Othenin-Girard'),(999,'Chris Walas');
/*!40000 ALTER TABLE `Directors` ENABLE KEYS */;
UNLOCK TABLES;

--
-- Table structure for table `Genres`
--

DROP TABLE IF EXISTS `Genres`;
/*!40101 SET @saved_cs_client     = @@character_set_client */;
 SET character_set_client = utf8mb4 ;
CREATE TABLE `Genres` (
  `idGenres` int(11) NOT NULL AUTO_INCREMENT,
  `genreName` varchar(45) DEFAULT NULL,
  PRIMARY KEY (`idGenres`),
  UNIQUE KEY `idGenres_UNIQUE` (`idGenres`)
) ENGINE=InnoDB AUTO_INCREMENT=2060 DEFAULT CHARSET=utf8mb4 COLLATE=utf8mb4_0900_ai_ci;
/*!40101 SET character_set_client = @saved_cs_client */;

--
-- Dumping data for table `Genres`
--

LOCK TABLES `Genres` WRITE;
/*!40000 ALTER TABLE `Genres` DISABLE KEYS */;
INSERT INTO `Genres` VALUES (1,'Horror'),(3,'Comedy'),(6,'Drama'),(12,'Action'),(17,'Fantasy'),(21,'Adventure'),(37,'Crime'),(170,'Animation'),(192,'Biography'),(543,'Sci-Fi'),(1000,NULL),(1001,' Mystery'),(1002,' Fantasy'),(1003,' Sci-Fi'),(1004,' Thriller'),(1005,' Horror'),(1015,' Adventure'),(1020,' Drama'),(1047,' Comedy'),(1062,' Crime'),(1153,' Music'),(1302,' Romance'),(1326,' Western'),(1337,' Family'),(1514,' Action'),(1667,' Musical'),(2059,' War');
/*!40000 ALTER TABLE `Genres` ENABLE KEYS */;
UNLOCK TABLES;

--
-- Table structure for table `HorrorMovies`
--

DROP TABLE IF EXISTS `HorrorMovies`;
/*!40101 SET @saved_cs_client     = @@character_set_client */;
 SET character_set_client = utf8mb4 ;
CREATE TABLE `HorrorMovies` (
  `idScaryMovies` int(11) NOT NULL AUTO_INCREMENT,
  `name` varchar(45) NOT NULL,
  `year` int(11) DEFAULT NULL,
  `imdbRatings` float DEFAULT NULL,
  `metascore` int(11) DEFAULT NULL,
  `votes` int(11) DEFAULT NULL,
  `runtime` int(11) DEFAULT NULL,
  `gross` decimal(10,0) DEFAULT NULL,
  `certificates` varchar(45) DEFAULT NULL,
  `dirID` int(11) NOT NULL,
  PRIMARY KEY (`idScaryMovies`),
  KEY `fk_HorrorMovies_Directors1_idx` (`dirID`),
  CONSTRAINT `fk_HorrorMovies_Directors1` FOREIGN KEY (`dirID`) REFERENCES `directors` (`dirID`)
) ENGINE=InnoDB AUTO_INCREMENT=1000 DEFAULT CHARSET=utf8mb4 COLLATE=utf8mb4_0900_ai_ci;
/*!40101 SET character_set_client = @saved_cs_client */;

--
-- Dumping data for table `HorrorMovies`
--

LOCK TABLES `HorrorMovies` WRITE;
/*!40000 ALTER TABLE `HorrorMovies` DISABLE KEYS */;
INSERT INTO `HorrorMovies` VALUES (1,'I Am Mother',2019,6.8,64,27099,113,NULL,'TV-14',1),(2,'Ma',2019,5.9,53,7592,99,42550000,'R',2),(3,'Us',2019,7.1,81,113581,116,175010000,'R',3),(4,'Child\'s Play',2019,6.5,48,4041,90,NULL,'R',4),(5,'The Perfection',2018,6.1,60,16816,90,NULL,'TV-MA',5),(6,'Brightburn',2019,6.4,44,16763,90,17160000,'R',6),(7,'The Shining',1980,8.4,66,784552,146,44020000,'R',7),(8,'The Meg',2018,5.7,46,116167,113,143010000,'PG-13',8),(9,'Hereditary',2018,7.3,87,153929,127,44070000,'R',9),(10,'It',2017,7.4,69,361378,135,327480000,'R',10),(11,'Get Out',2017,7.7,84,403514,104,176040000,'R',3),(12,'The Curse of La Llorona',2019,5.6,41,13725,93,54610000,'R',12),(13,'Escape Room',2019,6.4,48,45490,99,57010000,'PG-13',13),(14,'Halloween',2018,6.6,67,89919,106,159340000,'R',14),(15,'The Car',1977,6.1,NULL,7985,96,NULL,'PG',15),(16,'A Quiet Place',2018,7.6,82,307563,90,188020000,'PG-13',16),(17,'Alien: Covenant',2017,6.4,65,227811,122,74260000,'R',17),(18,'Suspiria',2018,6.8,64,38301,152,2470000,'R',18),(19,'Pet Sematary',2019,6,57,35791,101,54720000,'R',19),(20,'Annihilation',2018,6.9,79,230193,115,32730000,'R',20),(21,'Split',2016,7.3,62,360760,117,138290000,'PG-13',21),(22,'Chernobyl Diaries',2012,5,NULL,60683,86,18120000,'R',22),(23,'Alien',1979,8.5,89,716611,117,78900000,'R',17),(24,'Happy Death Day 2U',2019,6.3,57,29598,100,28050000,'PG-13',24),(25,'Hellboy',2019,5.4,31,19823,120,21900000,'R',25),(26,'Bird Box',2018,6.6,51,220627,124,NULL,'R',26),(27,'The Nun',2018,5.4,46,90608,96,117440000,'R',27),(28,'The House That Jack Built',2018,6.9,42,36460,152,90000,'R',28),(29,'Gerald\'s Game',2017,6.6,77,66388,103,NULL,'TV-MA',29),(30,'Climax',2018,7.2,67,25229,97,800000,'R',30),(31,'Overlord',2018,6.7,60,57122,110,21700000,'R',31),(32,'Mother!',2017,6.6,75,157694,121,17800000,'R',32),(33,'Carrie',1976,7.4,85,152190,98,33800000,'R',33),(34,'The Prodigy',2019,5.9,45,12277,92,14860000,'R',34),(35,'Shin Godzilla',2016,6.7,67,18391,120,1910000,'Not Rated',35),(36,'The Conjuring',2013,7.5,68,398426,112,137400000,'R',36),(37,'The Silence',2019,5.2,25,23204,90,NULL,'PG-13',37),(38,'The Neon Demon',2016,6.2,51,72696,117,1330000,'R',38),(39,'What We Do in the Shadows',2014,7.7,76,127025,86,3330000,'R',39),(40,'Constantine',2005,7,50,279029,121,75980000,'R',40),(41,'Polaroid',2019,5.1,NULL,3020,88,NULL,'PG-13',4),(42,'The Dark Tower',2017,5.7,34,108349,95,50700000,'PG-13',42),(43,'Zombieland',2009,7.6,73,460313,88,75590000,'R',43),(44,'The VVitch: A New-England Folktale',2015,6.8,83,155046,92,25140000,'R',44),(45,'The Cabin in the Woods',2011,7,72,339144,95,42070000,'R',45),(46,'Dracula',1992,7.5,57,173867,128,82520000,'R',46),(47,'Srpski film',2010,5.1,NULL,51573,104,NULL,'NC-17',47),(48,'Tusk',2014,5.3,55,40942,102,1820000,'R',48),(49,'Scream',1996,7.2,65,261265,111,103050000,'R',49),(50,'Annabelle: Creation',2017,6.5,62,91130,109,102090000,'R',50),(51,'The Bad Batch',2016,5.3,62,20939,118,180000,'R',51),(52,'The Lost Boys',1987,7.3,63,111991,97,32220000,'R',52),(53,'Psycho',1960,8.5,97,540177,109,32000000,'R',53),(54,'Happy Death Day',2017,6.5,58,88203,96,55680000,'PG-13',24),(55,'Mandy',2018,6.6,81,44911,121,1210000,'Not Rated',55),(56,'Life',2017,6.6,54,183444,104,30230000,'R',56),(57,'From Dusk Till Dawn',1996,7.2,48,261371,108,25750000,'R',57),(58,'World War Z',2013,7,63,554909,116,202360000,'PG-13',58),(59,'Child\'s Play',1988,6.6,58,77576,87,33240000,'R',59),(60,'Shaun of the Dead',2004,7.9,76,470840,99,13540000,'R',60),(61,'Salò, or the 120 Days of Sodom',1975,6,NULL,48314,117,NULL,'Not Rated',61),(62,'The Devil\'s Rejects',2005,6.9,53,86164,107,17040000,'R',62),(63,'The Exorcist',1973,8,82,334772,122,232910000,'R',63),(64,'Insidious',2010,6.9,52,254865,103,54010000,'PG-13',36),(65,'It Follows',2014,6.9,83,183469,100,14670000,'R',65),(66,'47 Meters Down',2017,5.6,52,39244,89,44310000,'PG-13',66),(67,'Sleepaway Camp',1983,6.3,58,22306,84,11000000,'R',67),(68,'Gremlins',1984,7.3,70,177983,106,148170000,'PG',68),(69,'The Conjuring 2',2016,7.4,65,195386,134,102470000,'R',36),(70,'Halloween',1978,7.8,81,205973,91,47000000,'R',70),(71,'Apostle',2018,6.3,62,30003,130,NULL,'TV-MA',71),(72,'Hush',2016,6.6,67,79649,82,NULL,'R',29),(73,'Bone Tomahawk',2015,7.1,72,70690,132,NULL,'Not Rated',73),(74,'The Ritual',2017,6.3,57,55719,94,NULL,'TV-MA',74),(75,'The Intruder',2019,5.4,39,2040,102,35320000,'PG-13',75),(76,'It Comes at Night',2017,6.2,78,69408,91,13990000,'R',76),(77,'The Blackcoat\'s Daughter',2015,5.9,68,13453,93,20000,'R',77),(78,'Annabelle',2014,5.4,37,122617,99,84270000,'R',37),(79,'The Babadook',2014,6.8,86,171950,94,920000,'Not Rated',79),(80,'Velvet Buzzsaw',2019,5.7,61,40715,113,NULL,'R',80),(81,'Goosebumps 2: Haunted Halloween',2018,5.6,53,11712,90,46700000,'PG',81),(82,'Friday the 13th',1980,6.5,22,105755,95,39750000,'R',82),(83,'The Shallows',2016,6.3,59,107254,86,55120000,'PG-13',83),(84,'Terrifier',2016,5.6,NULL,8740,82,NULL,'Unrated',84),(85,'Dark Shadows',2012,6.2,55,230117,113,79730000,'PG-13',85),(86,'Busanhaeng',2016,7.5,72,110142,118,2130000,'Not Rated',86),(87,'The Invitation',2015,6.7,74,70641,100,230000,'Not Rated',87),(88,'Slaughterhouse Rulez',2018,5.3,39,4425,104,0,'R',88),(89,'The First Purge',2018,5.1,54,42201,98,69090000,'R',89),(90,'Under the Skin',2013,6.3,78,113442,108,2610000,'R',90),(91,'House of 1000 Corpses',2003,6.1,31,69437,89,12630000,'R',62),(92,'The Thing',1982,8.1,57,331692,109,13780000,'R',70),(93,'Mara',2018,5.1,32,4520,98,NULL,'R',93),(94,'Don\'t Breathe',2016,7.1,71,187473,88,89220000,'R',94),(95,'Alien³',1992,6.4,59,255790,114,55470000,'R',95),(96,'Only Lovers Left Alive',2013,7.3,79,81201,123,1880000,'R',96),(97,'The Possession of Hannah Grace',2018,5.2,37,11897,86,14840000,'R',97),(98,'Swamp Thing',1982,5.4,50,11808,91,NULL,'PG',49),(99,'The Green Inferno',2013,5.3,38,33361,100,7190000,'R',99),(100,'A Nightmare on Elm Street',1984,7.5,76,185461,91,25500000,'R',49),(101,'Slender Man',2018,3.2,30,19958,93,30570000,'PG-13',101),(102,'31',2016,5.1,35,15140,102,780000,'R',62),(103,'Truth or Dare',2018,5.2,35,33983,100,40720000,'PG-13',103),(104,'28 Days Later...',2002,7.6,73,346091,113,45060000,'R',104),(105,'Pet Sematary',1989,6.6,38,84478,103,57470000,'R',105),(106,'Eraserhead',1977,7.4,87,90731,89,7000000,'Not Rated',106),(107,'Martyrs',2008,7.1,NULL,74677,99,NULL,'R',107),(108,'What Lies Beneath',2000,6.6,51,110598,130,155460000,'PG-13',108),(109,'The Babysitter',2017,6.3,NULL,46611,85,NULL,'TV-MA',109),(110,'The Evil Dead',1981,7.5,71,170105,85,2400000,'NC-17',110),(111,'Starfish',2018,5.8,74,1014,99,10000,NULL,111),(112,'Poltergeist',1982,7.4,79,129320,114,76610000,'PG',112),(113,'The Blair Witch Project',1999,6.4,81,216617,81,140540000,'R',113),(114,'Saw',2004,7.6,46,352550,103,56000000,'R',36),(115,'Dismissed',2017,5.8,NULL,5369,87,NULL,'Not Rated',115),(116,'The Hole in the Ground',2019,5.7,63,5677,90,20000,'R',116),(117,'Oculus',2013,6.5,61,107160,104,27700000,'R',29),(118,'The Autopsy of Jane Doe',2016,6.8,65,76852,86,NULL,'R',118),(119,'The Mortal Instruments: City of Bones',2013,5.9,33,122094,130,31170000,'PG-13',119),(120,'Hostel',2005,5.9,55,159122,94,47330000,'R',99),(121,'The Haunting of Sharon Tate',2019,3.1,8,1154,94,NULL,'R',121),(122,'The Mist',2007,7.2,58,261146,126,25590000,'R',122),(123,'The Endless',2017,6.5,80,21477,111,270000,'Not Rated',123),(124,'The Purge',2013,5.7,41,184052,85,64470000,'R',124),(125,'Legion',2010,5.2,32,92868,100,40170000,'R',125),(126,'Tale of Tales',2015,6.4,72,24134,134,80000,'R',126),(127,'Sinister',2012,6.8,53,198825,110,48090000,'R',127),(128,'Let Me In',2010,7.1,79,107162,116,12130000,'R',128),(129,'Revenge',2017,6.3,81,27083,108,100000,'R',129),(130,'Orphan',2009,7,42,175739,123,41600000,'R',83),(131,'Alien: Resurrection',1997,6.2,63,211476,109,47750000,'R',131),(132,'Cloverfield',2008,7,64,351437,85,80050000,'PG-13',128),(133,'Priest',2011,5.7,41,108485,87,29140000,'PG-13',125),(134,'An American Werewolf in London',1981,7.6,60,82007,97,30570000,'R',134),(135,'Insidious: The Last Key',2018,5.7,49,42505,103,67350000,'PG-13',13),(136,'Carrie',2013,5.9,53,125625,100,35270000,'R',136),(137,'Species',1995,5.8,49,69275,108,60070000,'R',137),(138,'The Human Centipede (First Sequence)',2009,4.4,33,67934,92,180000,'R',138),(139,'Green Room',2015,7,79,91113,95,3220000,'R',139),(140,'Sleepy Hollow',1999,7.4,65,306560,105,101070000,'R',85),(141,'Hold the Dark',2018,5.6,63,26979,125,NULL,'TV-MA',139),(142,'1922',2017,6.3,70,37401,102,NULL,'TV-MA',142),(143,'10 Cloverfield Lane',2016,7.2,76,261078,103,71900000,'PG-13',143),(144,'Final Destination',2000,6.7,36,211608,98,53330000,'R',144),(145,'Blade',1998,7.1,45,226840,120,70090000,'R',145),(147,'My Friend Dahmer',2017,6.3,68,12115,107,1360000,'R',147),(148,'Evil Dead',2013,6.5,57,146652,91,54240000,'R',94),(149,'The Cloverfield Paradox',2018,5.6,37,83511,102,NULL,'PG-13',149),(150,'The Texas Chain Saw Massacre',1974,7.5,75,120947,83,30860000,'R',112),(151,'Lights Out',2016,6.3,58,101096,81,67270000,'PG-13',50),(152,'Antichrist',2009,6.6,49,106843,108,400000,'Not Rated',28),(153,'Ghost Ship',2002,5.5,28,87512,91,30110000,'R',153),(154,'The Others',2001,7.6,74,314076,104,96520000,'PG-13',154),(155,'St. Agatha',2018,5.3,63,3209,103,NULL,NULL,155),(156,'The Mummy: Tomb of the Dragon Emperor',2008,5.2,31,141408,112,102490000,'PG-13',156),(157,'The Girl with All the Gifts',2016,6.7,67,46802,111,NULL,'R',157),(158,'The House with a Clock in Its Walls',2018,6,57,33363,105,68550000,'PG',99),(159,'Suspiria',1977,7.5,79,68467,92,NULL,'R',159),(160,'Hostel: Part II',2007,5.5,46,80546,94,17610000,'R',99),(161,'Assassination Nation',2018,5.9,56,9256,108,1960000,'R',161),(162,'Hellboy',2004,6.9,72,289223,122,59620000,'PG-13',162),(163,'Cannibal Holocaust',1980,5.9,22,46339,95,NULL,'Unrated',163),(164,'Gojira',1954,7.6,78,25415,96,2420000,'Not Rated',164),(165,'Spawn',1997,5.2,34,60241,96,54970000,'R',165),(166,'Dawn of the Dead',2004,7.3,59,220860,101,59020000,'R',166),(167,'Unsane',2018,6.4,63,32339,98,7730000,'R',167),(168,'Crimson Peak',2015,6.5,66,119514,119,31060000,'R',162),(169,'Rosemary\'s Baby',1968,8,96,170266,137,NULL,'R',169),(170,'King Kong',1933,7.9,90,73839,100,10000000,'Passed',170),(171,'DeepStar Six',1989,5.3,NULL,9070,99,8140000,'R',82),(172,'Pride and Prejudice and Zombies',2016,5.8,45,46301,108,10910000,'PG-13',172),(173,'The Ring',2002,7.1,57,298529,115,129130000,'PG-13',173),(174,'Jennifer\'s Body',2009,5.2,47,106519,102,16200000,'R',87),(175,'Case 39',2009,6.2,25,71726,109,13250000,'R',175),(176,'The Head Hunter',2018,5.1,NULL,2514,72,NULL,NULL,176),(177,'The Descent',2005,7.2,71,185065,99,26020000,'R',25),(178,'I Spit on Your Grave',2010,6.3,27,68710,108,90000,'R',178),(179,'Silent Hill',2006,6.6,31,202785,125,46980000,'R',179),(180,'The Cell',2000,6.3,40,89904,107,61330000,'R',180),(181,'Zombeavers',2014,4.8,44,14872,77,10000,'R',181),(182,'Friday the 13th',2009,5.6,34,89364,97,65000000,'R',182),(183,'What Keeps You Alive',2018,5.7,66,3219,98,NULL,'R',183),(184,'Coherence',2013,7.2,65,89795,89,70000,'Not Rated',184),(185,'The Wicker Man',1973,7.6,87,59117,88,60000,'R',185),(186,'Stree',2018,7.7,NULL,20065,128,NULL,'Not Rated',186),(187,'The Texas Chainsaw Massacre',2003,6.2,38,123126,98,80570000,'R',182),(188,'Candyman',1992,6.6,NULL,59147,99,25790000,'R',188),(190,'Dracula Untold',2014,6.3,40,165118,92,56280000,'PG-13',190),(191,'Hansel & Gretel: Witch Hunters',2013,6.1,23,183689,88,55700000,'R',191),(192,'Resident Evil',2002,6.7,33,232191,100,40120000,'R',192),(193,'Wrong Turn',2003,6.1,32,101330,84,15420000,'R',193),(194,'The Wraith',1986,5.9,39,13063,93,3500000,'PG-13',194),(195,'Unfriended: Dark Web',2018,5.9,53,14099,92,8780000,'R',195),(196,'The Hills Have Eyes',2006,6.4,52,149089,107,41780000,'R',196),(197,'Before I Wake',2016,6.2,68,33049,97,NULL,'PG-13',29),(198,'The Faculty',1998,6.5,61,103561,104,40060000,'R',57),(199,'The Craft',1996,6.3,NULL,68434,101,24880000,'R',199),(200,'Hollow Man',2000,5.7,24,114924,112,73210000,'R',200),(201,'Tremors',1990,7.2,65,108443,96,16670000,'PG-13',201),(202,'Jigsaw',2017,5.8,39,57470,92,38050000,'R',202),(203,'Horns',2013,6.5,46,70182,120,160000,'R',196),(204,'As Above, So Below',2014,6.2,38,67127,93,21200000,'R',204),(205,'The Crazies',2010,6.5,55,104640,101,39120000,'R',205),(206,'The Gift',2000,6.7,62,58825,111,12010000,'R',110),(207,'The Clovehitch Killer',2018,6.5,59,9483,109,10000,'Unrated',207),(208,'Cam',2018,6,71,17740,94,NULL,'TV-MA',208),(209,'Splice',2009,5.7,66,87980,104,17000000,'R',209),(210,'Funny Games',2007,6.5,44,83628,111,1290000,'R',210),(211,'Hellraiser',1987,7,57,92435,94,14560000,'R',211),(212,'Hostile',2017,5.4,NULL,2318,83,NULL,NULL,212),(213,'Eden Lake',2008,6.8,65,70241,91,10000,'R',213),(214,'Scream 4',2011,6.2,52,118953,111,38180000,'R',49),(215,'Lords of Chaos',2018,6.5,48,6458,118,250000,'R',215),(216,'Anaconda',1997,4.7,37,87377,89,65890000,'PG-13',216),(217,'Event Horizon',1997,6.7,35,143634,96,26670000,'R',192),(218,'Summer of 84',2018,6.7,57,22651,105,NULL,'Not Rated',218),(219,'The Girl Next Door',2007,6.6,29,21482,91,NULL,'R',219),(220,'The Visit',2015,6.2,55,102686,94,65210000,'PG-13',21),(221,'Black Christmas',1974,7.2,NULL,27591,98,4050000,'R',221),(222,'A Cure for Wellness',2016,6.4,47,71195,146,8110000,'R',173),(223,'Personal Shopper',2016,6.2,77,30826,105,1310000,'R',223),(224,'Underworld: Blood Wars',2016,5.8,23,63087,91,30350000,'R',224),(225,'Mama',2013,6.2,57,158694,100,71630000,'PG-13',10),(226,'They Live',1988,7.3,54,96687,94,13010000,'R',70),(227,'Possession',1981,7.4,72,20400,124,1110000,'R',227),(228,'Ouija: Origin of Evil',2016,6.1,65,47299,99,34900000,'PG-13',29),(229,'Flatliners',2017,5.2,27,33946,109,16870000,'PG-13',229),(230,'Scouts Guide to the Zombie Apocalypse',2015,6.3,32,40579,93,3640000,'R',24),(231,'The Boy Next Door',2015,4.7,30,34867,91,35390000,'R',156),(232,'Cult of Chucky',2017,5.2,69,17161,91,NULL,'R',232),(233,'Grindhouse',2007,7.6,77,169969,191,25030000,'R',57),(234,'Elizabeth Harvest',2018,5.8,54,3756,105,NULL,'R',234),(235,'Black Christmas',2006,4.6,22,22989,84,16240000,'R',235),(236,'The Birds',1963,7.7,87,155207,119,11400000,'PG-13',53),(237,'Sleepaway Camp II: Unhappy Campers',1988,5.8,NULL,8954,80,NULL,'R',237),(238,'Victor Frankenstein',2015,6,36,47615,110,5780000,'PG-13',238),(239,'Would You Rather',2012,5.7,20,32528,93,NULL,'Not Rated',239),(240,'Friday the 13th Part 2',1981,6.1,26,51661,87,21720000,'R',240),(241,'Arachnophobia',1990,6.4,67,58364,109,53210000,'PG-13',241),(242,'Army of Darkness',1992,7.6,57,151627,81,11500000,'R',110),(243,'Warm Bodies',2013,6.9,60,208926,98,66380000,'PG-13',243),(244,'Tucker and Dale vs Evil',2010,7.6,65,154003,89,220000,'R',244),(245,'The Fly',1986,7.5,79,145051,96,40460000,'R',245),(246,'28 Weeks Later',2007,7,78,242031,100,28640000,'R',246),(247,'I Saw the Devil',2010,7.8,67,94274,142,130000,'Not Rated',247),(248,'Texas Chainsaw 3D',2013,4.8,NULL,41855,92,34340000,'R',248),(249,'Manhunter',1986,7.2,75,59578,120,8620000,'R',249),(250,'Abraham Lincoln: Vampire Hunter',2012,5.9,42,143014,105,37520000,'R',250),(251,'Christine',1983,6.7,57,63618,110,21200000,'R',70),(252,'Blade: Trinity',2004,5.9,38,156038,113,52410000,'R',252),(253,'Halloween',2007,6.1,47,102507,109,58270000,'R',62),(254,'Freddy vs. Jason',2003,5.8,37,103560,97,82620000,'R',254),(255,'The Covenant',2006,5.3,19,44439,97,23290000,'PG-13',255),(256,'The Boy',2016,6,42,69139,97,35790000,'PG-13',256),(257,'The Wind',2018,5.6,66,2493,86,30000,'R',257),(258,'Blade II',2002,6.7,52,186919,117,82350000,'R',162),(259,'Deep Rising',1998,6,NULL,30875,106,11200000,'R',259),(260,'The Amityville Horror',2005,6,33,99378,90,65230000,'R',260),(261,'Thir13en Ghosts',2001,5.6,30,74114,91,41870000,'R',153),(262,'30 Days of Night',2007,6.6,53,156117,113,39570000,'R',262),(263,'Resident Evil: The Final Chapter',2016,5.6,49,75176,107,26830000,'R',192),(264,'La piel que habito',2011,7.6,70,123673,120,3190000,'R',264),(265,'Death Note',2017,4.5,43,67034,101,NULL,'TV-MA',265),(266,'Planet Terror',2007,7.1,NULL,188820,105,NULL,'Not Rated',57),(267,'Piranha 3D',2010,5.4,53,81432,88,25000000,'R',196),(268,'Goosebumps',2015,6.3,60,73034,103,80080000,'PG',268),(269,'The Wicker Man',2006,3.7,36,60405,102,23640000,'PG-13',269),(270,'Wolfen',1981,6.3,64,8129,115,10630000,'R',270),(271,'House',1985,6.2,44,20833,93,19440000,'R',240),(272,'Blair Witch',2016,5,47,36986,89,20780000,'R',265),(273,'The Wailing',2016,7.4,81,35722,156,NULL,'Not Rated',273),(274,'Pitch Black',2000,7.1,49,214309,109,39240000,'R',274),(275,'Twin Peaks: Fire Walk with Me',1992,7.2,28,76990,134,4160000,'R',106),(276,'Hellboy II: The Golden Army',2008,7,78,241655,120,75750000,'PG-13',162),(277,'Cabin Fever',2002,5.6,56,70161,93,21160000,'R',99),(278,'Doom',2005,5.2,34,99802,105,28030000,'R',278),(279,'Winchester',2018,5.4,28,24495,99,25090000,'PG-13',202),(280,'Night of the Demons',1988,6.3,NULL,11713,90,3110000,'R',280),(281,'Let the Right One In',2008,7.9,82,195306,114,2120000,'R',281),(282,'Hotel Transylvania',2012,7.1,47,204958,91,148310000,'PG',282),(283,'Bedeviled',2016,4.3,NULL,2381,91,NULL,'R',283),(284,'Sphere',1998,6.1,35,93641,134,37020000,'PG-13',284),(285,'Friday the 13th: The Final Chapter',1984,6,33,39043,91,32980000,'R',285),(286,'The Strangers',2008,6.2,47,110533,86,52600000,'R',286),(287,'Bad Samaritan',2018,6.4,42,13682,110,3440000,'R',287),(288,'The Last House on the Left',2009,6.6,42,79435,110,32720000,'R',288),(289,'Bride of Chucky',1998,5.4,48,47965,89,32380000,'R',254),(290,'Buffy the Vampire Slayer',1992,5.6,48,37118,86,16620000,'PG-13',290),(291,'House of Wax',2005,5.3,41,108142,108,32060000,'R',83),(292,'The Monster Squad',1987,7.1,61,24614,79,3770000,'PG-13',292),(293,'Predator 2',1990,6.3,46,134155,108,30670000,'R',293),(294,'King Kong',1976,5.9,61,27497,134,52610000,'PG',294),(295,'Little Shop of Horrors',1986,7,81,58830,94,38750000,'PG-13',295),(296,'Leprechaun',1993,4.7,NULL,20960,92,8560000,'R',296),(297,'Final Destination 3',2006,5.8,41,120787,93,54100000,'R',144),(298,'The Woman',2011,6,58,20086,101,NULL,'R',298),(299,'The Frighteners',1996,7.1,52,76892,110,16760000,'R',299),(300,'Creep',2014,6.3,74,31258,77,NULL,'R',300),(301,'Cargo',2017,6.3,65,27568,105,NULL,'TV-MA',301),(302,'I Know What You Did Last Summer',1997,5.7,52,123781,101,72590000,'R',302),(303,'The Possession',2012,5.9,45,53721,92,49130000,'PG-13',303),(304,'Nosferatu',1922,8,NULL,80904,81,NULL,'Not Rated',304),(305,'Ghost Stories',2017,6.4,68,23774,98,140000,'Not Rated',305),(306,'Marrowbone',2017,6.6,63,16768,110,0,'R',306),(307,'Angel Heart',1987,7.3,61,73163,113,17190000,'R',307),(308,'The Thing',2011,6.2,49,112089,103,16930000,'R',308),(309,'The Strangers: Prey at Night',2018,5.2,48,21782,85,24430000,'R',66),(310,'Silent Hill: Revelation',2012,5,16,56919,95,17530000,'R',310),(311,'Down a Dark Hall',2018,5.2,56,8765,96,NULL,'PG-13',311),(312,'Child\'s Play 2',1990,5.8,37,40102,84,28500000,'R',312),(313,'Friday the 13th Part III',1982,5.7,30,41671,95,36690000,'R',240),(314,'Look Away',2018,6.2,NULL,11105,103,NULL,'TV-MA',314),(315,'Scream 2',1997,6.2,63,144626,120,101360000,'R',49),(316,'End of Days',1999,5.7,33,100309,122,66890000,'R',316),(317,'Lake Placid',1999,5.7,34,50579,82,31770000,'R',240),(318,'Nina Forever',2015,5.6,75,4023,98,NULL,'R',318),(319,'The Voices',2014,6.4,58,48443,103,NULL,'R',319),(320,'Leatherface',2017,5,40,16491,90,NULL,'R',320),(321,'Tumbbad',2018,8.3,NULL,14351,104,NULL,'Not Rated',321),(322,'Jaws 2',1978,5.7,51,64356,116,102920000,'PG',322),(323,'High-Rise',2015,5.6,65,33826,119,340000,'R',323),(324,'Grave',2016,7,81,49786,99,510000,'R',324),(325,'Society',1989,6.5,NULL,11368,99,NULL,'R',325),(326,'Final Destination 2',2003,6.2,38,140634,90,46960000,'R',326),(327,'Fright Night',2011,6.4,64,94665,106,18300000,'R',327),(328,'Alien vs. Predator',2004,5.6,29,173667,101,80280000,'PG-13',192),(329,'The Unborn',2009,4.8,30,47122,88,42670000,'PG-13',252),(330,'I Spit on Your Grave',1978,5.7,19,23912,101,NULL,'R',330),(331,'A Nightmare on Elm Street',2010,5.2,35,85606,95,63080000,'R',331),(332,'Await Further Instructions',2018,4.8,NULL,4900,91,NULL,'TV-MA',332),(333,'The Omen',1976,7.6,62,98088,111,4270000,'R',333),(334,'The Woman in Black',2012,6.4,62,165572,95,54330000,'PG-13',213),(335,'Evil Dead II',1987,7.8,69,135807,84,5920000,'R',110),(336,'Leviathan',1989,5.8,51,16372,98,15700000,'R',336),(337,'Incident in a Ghostland',2018,6.4,44,17602,91,NULL,'Not Rated',107),(338,'Vampire Academy',2014,5.5,31,49397,104,7790000,'PG-13',338),(339,'The Call',2013,6.7,51,103966,94,51870000,'R',339),(340,'You\'re Next',2011,6.6,66,79637,95,18470000,'R',265),(341,'Teeth',2007,5.4,57,39330,94,350000,'R',341),(342,'Friday the 13th: A New Beginning',1985,4.8,16,29477,92,21930000,'R',342),(343,'The Bye Bye Man',2017,4.3,37,17840,96,22380000,'PG-13',343),(344,'The Host',2006,7,85,85155,120,2200000,'R',344),(345,'Morgan',2016,5.8,48,35594,92,3910000,'R',345),(346,'Don\'t Look Now',1973,7.3,NULL,43100,110,NULL,'R',346),(347,'The People Under the Stairs',1991,6.4,NULL,28476,102,24200000,'R',49),(348,'He\'s Out There',2018,5.2,NULL,4634,89,NULL,'R',348),(349,'The Ruins',2008,5.9,44,66031,90,17430000,'R',349),(350,'The Little Stranger',2018,5.6,67,5128,111,710000,'R',350),(351,'Drag Me to Hell',2009,6.6,83,177281,99,42100000,'PG-13',110),(352,'In the Mouth of Madness',1994,7.2,53,53979,95,8950000,'R',70),(353,'Pandorum',2009,6.8,28,136976,108,10330000,'R',175),(354,'Dawn of the Dead',1978,7.9,71,103572,127,5100000,'Unrated',354),(355,'Insidious: Chapter 2',2013,6.6,40,141592,106,83590000,'PG-13',36),(356,'Paranormal Activity',2007,6.3,68,208261,86,107920000,'R',356),(357,'Death Becomes Her',1992,6.5,56,94247,104,58420000,'PG-13',108),(358,'The Grudge',2004,5.9,49,131347,91,110360000,'PG-13',358),(359,'The Belko Experiment',2016,6.1,44,38518,89,10160000,'R',359),(360,'The Return of the Living Dead',1985,7.4,66,49097,91,14240000,'R',360),(361,'From Hell',2001,6.8,54,139584,122,31600000,'R',361),(362,'Seed of Chucky',2004,4.9,46,35169,87,17080000,'R',232),(363,'Mercy Black',2019,4.9,48,1307,88,NULL,'TV-14',363),(364,'The Stepford Wives',2004,5.3,42,56392,93,59480000,'PG-13',295),(365,'The Wolfman',2010,5.8,43,97975,103,61980000,'R',365),(366,'Circle',2015,6,NULL,30847,87,NULL,'Not Rated',366),(367,'The Witches',1990,6.8,NULL,31735,91,10360000,'PG',346),(368,'Fright Night',1985,7.1,NULL,53619,106,24920000,'R',59),(369,'Stan Helsing',2009,3.6,NULL,11428,108,NULL,'R',369),(370,'Eight Legged Freaks',2002,5.4,53,49905,99,17320000,'PG-13',370),(371,'The Human Centipede III (Final Sequence)',2015,2.8,5,12633,102,NULL,'Not Rated',138),(372,'The Haunting',1999,4.9,42,66971,113,91410000,'PG-13',372),(373,'Daybreakers',2009,6.5,57,116844,98,30100000,'R',202),(374,'I\'ll Take Your Dead',2018,5.9,NULL,1619,83,NULL,'Not Rated',374),(375,'Cabin Fever',2016,3.7,14,7926,99,NULL,'R',375),(376,'Funny Games',1997,7.6,69,56704,108,NULL,'Not Rated',210),(377,'The Orphanage',2007,7.5,74,137861,105,7160000,'R',377),(378,'Jeepers Creepers',2001,6.2,49,102947,90,37900000,'R',378),(379,'Thelma',2017,7,74,20984,116,150000,'Not Rated',379),(380,'Hagazussa',2017,5.9,72,1600,102,10000,NULL,380),(381,'REC',2007,7.5,69,153606,78,NULL,'R',381),(382,'The Lords of Salem',2012,5.1,57,25144,101,1160000,'R',62),(383,'The Exorcism of Emily Rose',2005,6.7,46,111120,119,75070000,'PG-13',127),(384,'Jacob\'s Ladder',1990,7.5,62,90485,113,26120000,'R',384),(385,'Unfriended',2014,5.6,59,62193,83,32480000,'R',385),(386,'Verónica',2017,6.2,NULL,28966,105,NULL,'TV-MA',386),(387,'The Open House',2018,3.3,NULL,25347,94,NULL,'TV-MA',387),(388,'The Return of Swamp Thing',1989,4.6,39,3625,88,190000,'PG-13',388),(389,'The Domestics',2018,5.7,NULL,6482,95,NULL,'R',389),(390,'Scooby-Doo 2: Monsters Unleashed',2004,5,34,43234,93,84220000,'PG',390),(391,'Piranha 3DD',2012,3.7,24,37149,83,380000,'R',391),(392,'Resident Evil: Extinction',2007,6.3,41,173467,94,50650000,'R',392),(393,'Sleepwalkers',1992,5.2,38,18422,91,30520000,'R',393),(394,'The Final Destination',2009,5.2,30,89324,82,66480000,'R',326),(395,'Slither',2006,6.5,69,69767,95,7770000,'R',395),(396,'Cold Skin',2017,6,NULL,9150,108,NULL,NULL,396),(397,'Videodrome',1983,7.3,60,74740,87,2120000,'R',245),(398,'Maniac',2012,6.1,47,32593,89,20000,'Not Rated',398),(399,'Invasion of the Body Snatchers',1978,7.4,75,46456,115,24950000,'PG',399),(400,'Resident Evil: Apocalypse',2004,6.2,35,175588,94,51200000,'R',400),(401,'Wildling',2018,5.5,58,9100,92,NULL,'R',401),(402,'Curse of Chucky',2013,5.7,58,30550,97,NULL,'R',232),(403,'The Vanishing',1993,6.3,49,21627,109,14540000,'R',403),(404,'The Guest',2014,6.7,76,82238,100,320000,'R',265),(405,'Return to Oz',1985,6.8,42,22418,113,NULL,'PG',405),(406,'Night of the Living Dead',1968,7.9,89,105242,96,90000,'Not Rated',354),(407,'Halloween II',1981,6.6,40,66755,92,25530000,'R',407),(408,'Cat People',1982,6.2,62,17513,118,7000000,'R',408),(409,'Krampus',2015,6.2,49,55523,98,42590000,'PG-13',409),(410,'Gremlins 2: The New Batch',1990,6.4,NULL,84348,106,41480000,'PG-13',68),(411,'The Last House on the Left',1972,6,68,29779,84,3100000,'R',49),(412,'Insidious: Chapter 3',2015,6.1,52,83229,97,52220000,'PG-13',412),(413,'Vacancy',2007,6.2,54,89694,85,19360000,'R',413),(414,'Final Destination 5',2011,5.9,50,98242,92,42590000,'R',414),(415,'An American Crime',2007,7.3,NULL,29965,98,NULL,'R',415),(416,'Possum',2018,5.6,64,2134,85,NULL,NULL,416),(417,'The Human Centipede II (Full Sequence)',2011,3.8,17,32731,91,120000,'Not Rated',138),(418,'Resident Evil: Afterlife',2010,5.9,37,153455,96,60130000,'R',192),(419,'1408',2007,6.8,64,241806,104,71990000,'PG-13',419),(420,'12 Feet Deep',2017,5.6,NULL,10774,85,NULL,'Not Rated',420),(421,'Friday the 13th Part VI: Jason Lives',1986,6,30,33438,86,19470000,'R',421),(422,'Deliver Us from Evil',2014,6.2,40,63879,118,30580000,'R',127),(423,'Piercing',2018,5.6,63,3371,81,20000,'R',423),(424,'Stonehearst Asylum',2014,6.8,52,46151,112,NULL,'PG-13',339),(425,'Dreamcatcher',2003,5.5,35,84845,134,33720000,'R',425),(426,'Dark Skies',2013,6.3,50,65854,97,17410000,'PG-13',125),(427,'Underworld Awakening',2012,6.4,39,138503,88,62320000,'R',427),(428,'Boar',2017,5.1,NULL,1569,96,NULL,'Not Rated',428),(429,'Survival Island',2005,5,NULL,8569,95,NULL,'TV-MA',429),(430,'Mom and Dad',2017,5.5,59,16063,86,NULL,'R',430),(431,'The Purge: Anarchy',2014,6.5,50,126442,103,71960000,'R',124),(432,'The Basement',2018,3.8,27,1433,90,NULL,'TV-MA',432),(433,'The Purge: Election Year',2016,6,55,80473,108,79000000,'R',124),(434,'Escape Room',2017,4.2,NULL,6218,81,NULL,'R',434),(435,'Children of the Corn',1984,5.6,45,42803,92,14570000,'R',435),(436,'Ouija',2014,4.5,38,44151,89,50860000,'PG-13',436),(437,'The Blob',1988,6.5,NULL,28219,95,8250000,'R',437),(438,'Braindead',1992,7.5,54,86675,104,240000,'R',299),(439,'Jaws: The Revenge',1987,2.9,15,37380,89,20760000,'PG-13',439),(440,'The Russian Bride',2019,6.1,NULL,2006,101,NULL,NULL,440),(441,'Backcountry',2014,6,62,15907,92,NULL,'R',441),(442,'Muse',2017,5.4,NULL,2564,107,NULL,NULL,381),(443,'Beyond Skyline',2017,5.3,46,15325,106,990000,'R',443),(444,'Creepshow',1982,6.9,59,37675,120,19730000,'R',354),(445,'All the Boys Love Mandy Lane',2006,5.6,44,29476,90,NULL,'R',243),(446,'Texas Chainsaw Massacre: The Next Generation',1994,3.2,50,18132,87,140000,'R',446),(447,'Red Riding Hood',2011,5.5,29,102489,100,37660000,'PG-13',447),(448,'Perfect Blue',1997,7.9,NULL,44108,81,440000,'R',448),(449,'Resident Evil: Retribution',2012,5.4,39,125349,95,42350000,'R',192),(450,'Gothika',2003,5.8,38,100627,98,59690000,'R',450),(451,'Child\'s Play 3',1991,5.1,27,32063,90,14960000,'R',451),(452,'Jason X',2001,4.4,25,46631,91,13120000,'R',452),(453,'Malevolent',2018,4.8,NULL,7463,89,NULL,'TV-MA',453),(454,'I Spit on Your Grave 2',2013,5.7,NULL,24171,106,0,'R',178),(455,'The Rite',2011,6,38,85731,114,33050000,'PG-13',419),(456,'Twilight Zone: The Movie',1983,6.5,44,30358,101,29500000,'PG',68),(457,'The Dark',2018,5.6,52,2992,95,NULL,NULL,457),(458,'I Am the Pretty Thing That Lives in the House',2016,4.6,68,9820,89,NULL,NULL,77),(459,'Redcon-1',2018,4.8,NULL,1946,115,NULL,'Not Rated',459),(460,'House at the End of the Street',2012,5.6,31,66397,101,31610000,'PG-13',460),(461,'Rings',2017,4.5,25,34256,102,27780000,'PG-13',461),(462,'Aliens vs. Predator: Requiem',2007,4.7,29,109515,94,41800000,'R',462),(463,'Better Watch Out',2016,6.5,67,22469,89,20000,'R',463),(464,'A Nightmare on Elm Street 3: Dream Warriors',1987,6.6,49,63167,96,44790000,'R',437),(465,'Astral',2018,5.7,NULL,3665,83,NULL,'TV-MA',465),(466,'Wolf Creek',2005,6.3,54,63431,99,16190000,'R',359),(467,'Jaws 3-D',1983,3.6,27,35608,99,45520000,'PG',467),(468,'Brotherhood of the Wolf',2001,7.1,57,58898,142,11260000,'R',179),(469,'Day of the Dead',1985,7.2,60,58023,96,5800000,'Not Rated',354),(470,'Halloween II',2009,4.9,35,44660,105,33390000,'R',62),(471,'The Texas Chainsaw Massacre: The Beginning',2006,5.9,30,64279,91,39520000,'R',471),(472,'House on Haunted Hill',1999,5.6,28,50615,93,40850000,'R',472),(473,'The Toxic Avenger',1984,6.3,42,22702,82,NULL,'R',473),(474,'The Island of Dr. Moreau',1996,4.5,NULL,29182,96,27660000,'PG-13',474),(475,'High Tension',2003,6.8,42,62934,91,3680000,'R',196),(476,'Re-Animator',1985,7.2,73,49798,105,2020000,'Unrated',476),(477,'Cujo',1983,6.1,57,34628,93,21200000,'R',477),(478,'Hotel Transylvania 2',2015,6.7,44,93228,89,169700000,'PG',282),(479,'The Fog',1980,6.8,55,57393,89,21380000,'R',70),(480,'My Bloody Valentine',2009,5.5,51,51071,101,51550000,'R',480),(481,'Shingeki no kyojin',2015,5.1,NULL,11056,98,450000,'Not Rated',481),(482,'Sleepaway Camp III: Teenage Wasteland',1989,5.3,NULL,6426,80,NULL,'R',237),(483,'Exam',2009,6.9,NULL,95288,101,NULL,'Not Rated',483),(484,'Maggie',2015,5.6,52,38728,95,190000,'PG-13',484),(485,'The Uninvited',2009,6.4,43,71676,87,28570000,'PG-13',485),(486,'Vampire\'s Kiss',1988,5.9,31,12310,103,730000,'R',486),(487,'Yoga Hosers',2016,4.3,23,10518,88,NULL,'PG-13',48),(488,'Maximum Overdrive',1986,5.4,24,27643,98,7430000,'R',488),(489,'Devil\'s Pass',2013,5.7,49,20842,100,NULL,'R',255),(490,'Regression',2015,5.7,32,33418,106,50000,'R',154),(491,'Jessabelle',2014,5.4,37,20627,90,NULL,'PG-13',491),(492,'Phantom of the Paradise',1974,7.4,67,14492,91,NULL,'PG',33),(493,'Audition',1999,7.2,69,65363,115,NULL,'R',493),(494,'Silver Bullet',1985,6.4,26,21206,95,5400000,'R',494),(495,'Psycho',1998,4.6,47,42989,105,21460000,'R',495),(496,'Scream 3',2000,5.6,56,114470,116,89140000,'R',49),(497,'The Stuff',1985,5.9,NULL,11458,87,NULL,'R',497),(498,'The Witches of Eastwick',1987,6.5,67,56501,118,63770000,'R',498),(499,'Saw 3D: The Final Chapter',2010,5.6,24,83666,90,45710000,'R',491),(500,'Hide and Seek',2005,5.9,35,78102,101,51100000,'R',500),(501,'Byzantium',2012,6.5,66,38291,118,80000,'R',146),(502,'Emelie',2015,5.4,62,11892,82,NULL,'Not Rated',502),(503,'Near Dark',1987,7,76,30145,94,3370000,'R',503),(504,'The Taking of Deborah Logan',2014,6,NULL,22067,90,NULL,'R',13),(505,'Poltergeist',2015,4.9,47,51628,93,47430000,'PG-13',505),(506,'The Final Girls',2015,6.6,59,30306,88,NULL,'PG-13',506),(507,'Berlin Syndrome',2017,6.3,70,18649,116,30000,'R',507),(508,'Critters',1986,6,52,28453,86,13170000,'PG-13',508),(509,'Kuso',2017,5,51,1134,94,NULL,'Not Rated',509),(510,'Lifeforce',1985,6.1,50,20030,101,11600000,'R',112),(511,'Hell Fest',2018,5.5,26,8775,89,11110000,'R',511),(512,'Friday the 13th Part VII: The New Blood',1988,5.3,13,28351,88,19170000,'R',512),(513,'Un couteau dans le coeur',2018,6.1,69,1463,102,30000,'Unrated',513),(514,'Sinister 2',2015,5.3,32,41968,97,27740000,'R',514),(515,'The Lazarus Effect',2015,5.2,31,37779,83,25800000,'PG-13',515),(516,'Night of the Comet',1984,6.4,NULL,16502,95,14420000,'PG-13',516),(517,'Friend Request',2016,5.3,31,21774,92,3760000,'R',517),(518,'Trick \'r Treat',2007,6.8,NULL,74030,82,NULL,'R',409),(519,'Freaks',1932,7.9,NULL,38350,64,NULL,'Not Rated',519),(520,'eXistenZ',1999,6.8,68,87794,97,2840000,'R',245),(521,'Creepshow 2',1987,6.1,39,19726,92,14000000,'R',521),(522,'Chang-gwol',2018,6.3,NULL,1586,121,170000,'Not Rated',522),(523,'Wish Upon',2017,5.1,32,15033,90,14300000,'PG-13',37),(524,'The Darkest Hour',2011,4.9,18,55137,89,21430000,'PG-13',524),(525,'Odd Thomas',2013,6.9,45,43988,97,NULL,NULL,259),(526,'The Super',2017,6,47,9984,90,NULL,'R',526),(527,'Muck',2015,2.6,NULL,2376,99,NULL,'Not Rated',527),(528,'The Entity',1982,6.6,35,13298,125,13280000,'R',528),(529,'House of the Dead',2003,2,15,34719,90,10250000,'R',529),(530,'Flatliners',1990,6.6,55,75086,115,61490000,'R',52),(531,'Frankenstein',1994,6.4,NULL,47953,123,22010000,'R',531),(532,'Blood from the Mummy\'s Tomb',1971,5.7,NULL,2546,94,NULL,'PG',532),(533,'Birdemic: Shock and Terror',2010,1.8,NULL,19195,105,NULL,'Not Rated',533),(534,'Dead Silence',2007,6.2,34,79184,89,16810000,'R',36),(535,'Kamera o tomeru na!',2017,7.8,89,6609,96,NULL,NULL,535),(536,'Dead 7',2016,3.2,NULL,1125,89,NULL,'TV-14',536),(537,'La nuit a dévoré le monde',2018,6,50,6268,93,NULL,'TV-14',537),(538,'Dark Was the Night',2014,5.6,40,7650,90,NULL,'Not Rated',538),(539,'Black Death',2010,6.4,71,41176,102,20000,'R',539),(540,'The Colony',2013,5.3,28,40819,95,NULL,'Not Rated',540),(541,'Queen of the Damned',2002,5.3,30,49759,101,30340000,'R',541),(542,'Saw II',2005,6.6,40,218041,93,87040000,'R',155),(543,'The Void',2016,5.8,62,25275,90,150000,'Not Rated',543),(544,'Absentia',2011,5.8,NULL,15554,87,NULL,'R',29),(545,'Rust Creek',2018,5.7,59,2822,108,NULL,'R',545),(546,'Extraterrestrial',2014,5,38,13707,101,NULL,'Not Rated',183),(548,'Quarantine',2008,6,53,65453,89,31690000,'R',204),(549,'Inside',2007,6.8,NULL,34520,82,NULL,'R',320),(550,'Take Shelter',2011,7.4,85,83345,120,1730000,'R',550),(551,'Carriers',2009,6,NULL,39860,84,90000,'PG-13',551),(552,'The Texas Chainsaw Massacre 2',1986,5.6,42,24614,101,8030000,'Unrated',112),(553,'Devil',2010,6.2,44,122243,80,33580000,'PG-13',204),(554,'The Collector',2009,6.4,29,52924,90,7710000,'R',554),(555,'Alice, Sweet Alice',1976,6.5,67,7988,98,NULL,'R',555),(556,'Halloween H20: 20 Years Later',1998,5.7,52,60891,86,55040000,'R',240),(557,'The Axiom',2018,6,NULL,2637,98,NULL,NULL,557),(558,'The Forest',2016,4.8,34,36478,93,26580000,'PG-13',558),(559,'Pi',1998,7.4,72,160748,84,3220000,'R',32),(560,'What Ever Happened to Baby Jane?',1962,8.1,75,45286,134,4050000,'Not Rated',560),(561,'No Good Deed',2014,5.6,26,16081,84,52540000,'PG-13',561),(562,'V/H/S',2012,5.8,55,53148,116,100000,'R',562),(563,'Koroshiya 1',2001,7.1,55,48696,129,20000,'R',493),(564,'Paranormal Activity 4',2012,4.6,40,58507,88,53920000,'R',564),(565,'Jeepers Creepers III',2017,4.1,NULL,14646,100,2240000,'Not Rated',378),(566,'Delirium',2018,5.7,NULL,4456,96,NULL,'R',288),(567,'A Nightmare on Elm Street 2: Freddy\'s Revenge',1985,5.4,43,54893,87,30000000,'R',567),(568,'Before I Go to Sleep',2014,6.3,41,64833,92,2960000,'R',568),(569,'Stir of Echoes',1999,7,67,69717,99,21130000,'R',569),(570,'The Midnight Meat Train',2008,6.1,58,55445,100,80000,'R',570),(571,'Braid',2018,5.3,60,1191,82,NULL,'R',571),(572,'Amityville: The Awakening',2017,4.9,42,10982,85,0,'PG-13',398),(573,'Apollo 18',2011,5.2,24,51486,86,17690000,'PG-13',573),(574,'Little Evil',2017,5.7,NULL,15926,94,NULL,'TV-MA',244),(575,'The Prophecy',1995,6.5,NULL,27232,98,16120000,'R',575),(576,'Vampires',1998,6.1,42,48992,108,20240000,'R',70),(577,'Aterrados',2017,6.5,NULL,5794,87,NULL,'Not Rated',577),(578,'The Ward',2010,5.6,38,38336,89,NULL,'R',70),(579,'I, Frankenstein',2014,5.1,30,74979,92,19080000,'PG-13',579),(580,'Bubba Ho-Tep',2002,7.1,57,43278,92,2000000,'R',580),(581,'A Tale of Two Sisters',2003,7.2,65,50860,115,NULL,'R',247),(582,'Don\'t Knock Twice',2016,5.1,45,10835,93,NULL,'R',582),(583,'Spring',2014,6.7,70,20977,109,50000,'Not Rated',123),(584,'Patient Zero',2018,4.4,NULL,5811,93,NULL,'R',584),(585,'Monster Party',2018,5.4,58,1863,89,NULL,'Unrated',585),(586,'The Watch',2012,5.7,36,115883,102,35350000,'R',586),(587,'Creature from the Black Lagoon',1954,7,NULL,22994,79,1300000,'G',587),(588,'The Vault',2017,4.8,50,10421,91,10000,'Not Rated',588),(589,'Halloween III: Season of the Witch',1982,4.8,50,38409,98,14400000,'R',589),(590,'Altered States',1980,6.9,58,29397,102,19850000,'R',590),(591,'Perfect Stranger',2007,5.7,31,42551,109,23980000,'R',591),(592,'Whoever Slew Auntie Roo?',1971,6.2,NULL,1246,91,NULL,'PG-13',592),(593,'The Golem',2018,6,63,1649,95,NULL,NULL,593),(594,'BloodRayne',2005,2.9,18,32858,95,2410000,'R',529),(595,'The Black Cauldron',1985,6.5,59,27430,80,21290000,'PG',595),(596,'Vicious Lips',1986,5.4,NULL,1270,84,NULL,'R',596),(597,'Thirst',2009,7.2,73,37865,135,300000,'R',597),(598,'Phantasm',1979,6.8,72,28600,88,11990000,'R',580),(599,'The Reef',2010,5.8,NULL,15238,94,NULL,'R',599),(600,'Scanners',1981,6.8,60,43186,103,14230000,'R',245),(601,'Malicious',2018,5,NULL,2401,90,NULL,'TV-MA',601),(602,'Goodnight Mommy',2014,6.7,81,35746,99,1170000,'R',602),(603,'The Hidden',1987,7,NULL,15460,97,9750000,'R',567),(604,'The Dead Zone',1983,7.2,69,54741,103,20770000,'R',245),(605,'Der goldene Handschuh',2019,6.7,28,1426,115,NULL,NULL,605),(606,'Repo! The Genetic Opera',2008,6.7,32,22393,98,140000,'R',155),(607,'Ginger Snaps',2000,6.8,70,38275,108,0,'Not Rated',607),(608,'Nightbreed',1990,6.6,40,17585,102,8860000,'R',211),(609,'The Hitcher',2007,5.6,28,38583,84,16470000,'R',609),(610,'13 Cameras',2015,5.1,41,3861,87,NULL,'TV-MA',610),(611,'Red State',2011,6.2,50,59343,88,1100000,'R',48),(612,'The Cleanse',2016,5.4,58,1259,81,NULL,'R',612),(613,'The Stepfather',1987,6.8,NULL,11685,89,2490000,'R',613),(614,'Saw III',2006,6.2,48,166571,108,80240000,'R',155),(615,'Elvira: Mistress of the Dark',1988,6.5,NULL,11532,96,5600000,'PG-13',615),(616,'Urban Legend',1998,5.5,35,55392,99,38070000,'R',616),(617,'I Spit on Your Grave: Vengeance is Mine',2015,5.2,NULL,9992,92,NULL,'Unrated',617),(618,'Dead Calm',1989,6.8,70,34098,96,7830000,'R',618),(619,'Bait',2012,5.2,NULL,14667,93,NULL,'R',619),(620,'Leprechaun: Origins',2014,3.3,NULL,4418,90,NULL,'R',620),(621,'Killer Klowns from Outer Space',1988,6.1,43,28967,88,15630000,'PG-13',621),(622,'Prince of Darkness',1987,6.7,50,32482,102,14180000,'R',70),(623,'Kill List',2011,6.4,67,32903,95,30000,'Not Rated',323),(624,'Nightworld: Door of Hell',2017,4.4,NULL,1859,92,NULL,'TV-MA',624),(625,'Hounds of Love',2016,6.5,73,8349,108,NULL,'Not Rated',625),(626,'Stay Alive',2006,5.1,24,28555,85,23090000,'PG-13',256),(627,'Saw IV',2007,5.9,36,131252,93,63300000,'R',155),(628,'Sorority Row',2009,5.2,24,27059,101,11960000,'R',628),(629,'Trollhunter',2010,7,61,63578,103,250000,'PG-13',118),(630,'14 Cameras',2018,4.5,25,1672,90,NULL,'TV-MA',630),(631,'Matriarch',2018,5.7,NULL,1745,91,NULL,'R',631),(632,'The Changeling',1980,7.3,70,26613,107,NULL,'R',632),(633,'The Untamed',2016,6.2,72,3547,98,30000,'Not Rated',633),(634,'Jason Goes to Hell: The Final Friday',1993,4.3,17,25146,87,15940000,'R',634),(635,'Clown',2014,5.7,42,19693,100,60000,'R',635),(636,'The New Daughter',2009,5.3,NULL,13412,108,NULL,'PG-13',636),(637,'Bad Taste',1987,6.7,NULL,41390,91,NULL,'Not Rated',299),(638,'The House on Sorority Row',1983,6.1,50,6193,91,1290000,'R',638),(639,'The Sand',2015,3.8,NULL,2983,84,NULL,'TV-14',639),(640,'Dog Soldiers',2002,6.8,NULL,51628,105,NULL,'R',25),(641,'The Woman in Black 2: Angel of Death',2014,4.9,42,24669,98,26500000,'PG-13',641),(642,'Stigmata',1999,6.2,28,60796,103,50050000,'R',642),(643,'Forbidden World',1982,5.2,NULL,3313,77,NULL,'R',643),(644,'Pengabdi Setan',2017,6.7,NULL,5445,107,NULL,'Not Rated',644),(645,'The Howling',1981,6.6,68,28016,91,17990000,'R',68),(646,'The Stepford Wives',1975,6.9,54,14702,115,8720000,'PG',646),(647,'The Mothman Prophecies',2002,6.5,52,71334,119,35750000,'PG-13',647),(648,'The Lodgers',2017,5.1,52,6542,92,NULL,'R',648),(649,'The Pagemaster',1994,6,NULL,19200,80,56300000,'G',649),(650,'The Thing from Another World',1951,7.2,NULL,22973,87,NULL,'Not Rated',650),(651,'The Burning',1981,6.5,42,13626,91,NULL,'R',651),(652,'The Haunted Mansion',2003,5,34,38227,88,75850000,'PG',652),(653,'Office Uprising',2018,6.3,NULL,6878,92,NULL,NULL,653),(654,'The Monster',2016,5.4,69,13542,91,NULL,'R',286),(655,'Repulsion',1965,7.8,91,43761,105,NULL,'Not Rated',169),(656,'Zombie',1979,6.9,NULL,23259,91,NULL,'R',656),(657,'Frankenstein',1931,7.9,91,58781,70,12000000,'Passed',657),(658,'Beyond the Black Rainbow',2010,6,49,10846,110,60000,'R',55),(659,'Dreamscape',1984,6.3,NULL,12618,99,11480000,'PG-13',613),(660,'Dead Ringers',1988,7.3,86,36492,116,9130000,'R',245),(661,'Prom Night',2008,3.9,17,31890,88,43870000,'PG-13',661),(662,'The Funhouse',1981,5.9,NULL,10932,96,7890000,'R',112),(663,'Godzilla 1985',1984,6.2,31,5469,103,4120000,'PG',663),(664,'A Girl Walks Home Alone at Night',2014,7,81,26697,101,NULL,'Not Rated',51),(665,'The Devil\'s Backbone',2001,7.4,78,57195,106,750000,'R',162),(666,'The Skeleton Key',2005,6.5,47,99967,104,47810000,'PG-13',666),(667,'Species II',1998,4.4,19,25626,93,19170000,'R',632),(668,'The Collection',2012,6.1,38,42332,82,6840000,'R',554),(669,'Return of the Living Dead III',1993,5.9,47,12408,97,50000,'R',325),(670,'The Amityville Horror',1979,6.2,28,32393,117,86430000,'R',670),(671,'Dracula: Dead and Loving It',1995,5.9,NULL,35871,88,10770000,'PG-13',671),(672,'Anacondas: The Hunt for the Blood Orchid',2004,4.6,40,26149,97,32240000,'PG-13',672),(673,'Dracula 2000',2000,4.9,26,30380,99,33020000,'R',480),(674,'Our House',2018,5.3,45,4050,90,NULL,'PG-13',674),(675,'Rabid',1977,6.4,NULL,13597,91,NULL,'R',245),(676,'Mimic',1997,5.9,55,42851,105,25480000,'R',162),(677,'Nurse 3D',2013,4.6,29,8785,84,NULL,'R',677),(678,'My Bloody Valentine',1981,6.3,46,15459,90,5670000,'R',678),(679,'Wes Craven\'s New Nightmare',1994,6.5,64,46448,112,18090000,'R',49),(680,'Disturbing Behavior',1998,5.6,NULL,19441,84,17410000,'R',680),(681,'Rogue',2007,6.2,NULL,25487,99,10000,'R',359),(682,'Book of Shadows: Blair Witch 2',2000,4,15,33951,90,26440000,'R',682),(683,'The Lawnmower Man',1992,5.4,42,31761,108,32100000,'R',683),(684,'Galaxy of Terror',1981,5.1,38,5672,81,NULL,'R',684),(685,'Ghosts of Mars',2001,4.9,35,48275,98,8430000,'R',70),(686,'Dance of the Vampires',1967,7.2,NULL,26925,91,NULL,'Not Rated',169),(687,'Freaks of Nature',2015,5.9,NULL,9701,92,NULL,'R',687),(688,'The Haunting',1963,7.6,74,31454,112,2620000,'G',688),(689,'The Curse of the Cat People',1944,6.9,NULL,5129,70,NULL,'Approved',689),(690,'Pumpkinhead',1988,6.2,NULL,17964,86,4390000,'R',690),(691,'All Hallows\' Eve',2013,5,NULL,4541,83,NULL,'Unrated',84),(692,'Ragini MMS 2',2014,3.9,NULL,2470,119,NULL,'Not Rated',692),(693,'Prom Night',1980,5.4,45,13344,92,14800000,'R',693),(694,'Black Water',2007,6,NULL,11850,90,NULL,'R',694),(695,'Gone',2012,5.9,36,39536,94,11650000,'PG-13',695),(696,'Creep 2',2017,6.4,75,13193,78,NULL,'Not Rated',300),(697,'Pet Sematary II',1992,4.8,35,17267,100,17090000,'R',105),(698,'The Hills Have Eyes II',2007,5.1,32,57246,89,20800000,'R',698),(699,'Nosferatu the Vampyre',1979,7.6,NULL,28895,107,NULL,'PG',699),(700,'Anna and the Apocalypse',2017,6,63,4298,93,550000,'R',700),(701,'The Incredible 2-Headed Transplant',1971,3.2,NULL,1283,88,NULL,'R',701),(702,'Troll 2',1990,2.8,NULL,28888,95,NULL,'PG-13',702),(703,'Psycho Beach Party',2000,6.3,42,5177,95,270000,'Unrated',703),(704,'Open Water',2003,5.7,63,48096,79,30610000,'R',704),(705,'Humanoids from the Deep',1980,5.7,NULL,6475,80,NULL,'R',705),(706,'The Slumber Party Massacre',1982,5.7,NULL,8555,77,NULL,'R',706),(707,'Twin Peaks: The Missing Pieces',2014,7.8,NULL,6475,91,NULL,NULL,106),(708,'Mirrors',2008,6.2,35,97152,110,30690000,'R',196),(709,'The Sentinel',1977,6.4,NULL,8167,92,NULL,'R',709),(710,'The Osiris Child',2016,5.6,55,6316,95,NULL,'Not Rated',710),(711,'Land of the Dead',2005,6.2,71,87273,93,20700000,'R',354),(712,'Idle Hands',1999,6.2,31,37188,92,4000000,'R',712),(713,'A Nightmare on Elm Street 4: The Dream Master',1988,5.7,56,45093,93,49370000,'R',255),(714,'Saw V',2008,5.8,20,106902,92,56750000,'R',714),(715,'The Descent: Part 2',2009,5.8,NULL,40059,94,NULL,'R',715),(716,'The Incredible Melting Man',1977,3.9,NULL,3758,84,NULL,'R',716),(717,'Curse of the Demon',1957,7.6,NULL,10639,95,NULL,'Not Rated',717),(718,'Killing Ground',2016,5.8,59,6306,88,NULL,'Not Rated',718),(719,'The Relic',1997,5.7,55,22582,110,33960000,'R',316),(720,'Boo 2! A Madea Halloween',2017,3.8,17,3398,101,47320000,'PG-13',720),(721,'The Cured',2017,5.5,57,5720,95,20000,'R',721),(722,'Prom Night II',1987,5.6,48,4377,97,2680000,'R',722),(723,'Phenomena',1985,6.8,57,20654,116,NULL,'R',159),(724,'Some Guy Who Kills People',2011,6.3,NULL,5157,97,NULL,'R',724),(725,'The Hills Have Eyes',1977,6.4,64,26895,90,25000000,'R',49),(726,'Errementari',2017,6.4,NULL,6175,98,NULL,'TV-MA',726),(727,'Godzilla vs. Destoroyah',1995,7,NULL,4736,103,NULL,'Unrated',727),(728,'The House That Screamed',1969,7,NULL,2414,94,NULL,'GP',728),(729,'Journey to the West',2013,6.8,68,10762,110,20000,'PG-13',729),(730,'Poltergeist II: The Other Side',1986,5.7,49,22914,91,41000000,'PG-13',730),(731,'Ravenous',1999,7,46,34346,101,2060000,'R',731),(732,'Excision',2012,6.1,NULL,19010,81,NULL,'Not Rated',732),(733,'Day of the Dead: Bloodline',2018,3.4,NULL,8384,90,NULL,'R',733),(734,'Manos: The Hands of Fate',1966,1.9,NULL,33539,70,NULL,'Not Rated',734),(735,'Red Lights',2012,6.2,36,55354,114,50000,'R',311),(736,'I Still Know What You Did Last Summer',1998,4.6,21,63939,100,40000000,'R',736),(737,'Valentine',2001,4.8,18,23375,96,20380000,'R',616),(738,'Dracula',1931,7.6,NULL,41332,75,NULL,'Passed',519),(739,'Honeymoon',2014,5.7,65,22929,87,10000,'R',739),(740,'Cell',2016,4.3,38,22032,98,NULL,'R',740),(741,'Wolf',1994,6.2,NULL,49211,125,65010000,'R',741),(742,'Gojira: hoshi wo kû mono',2018,4.9,NULL,2522,91,NULL,'TV-14',742),(743,'Blood Creek',2009,5.4,NULL,10830,90,NULL,'R',52),(745,'When a Stranger Calls',2006,5.1,27,40223,87,47860000,'PG-13',745),(746,'From Beyond',1986,6.7,NULL,19421,85,1260000,'R',476),(747,'The Ring Two',2005,5.4,44,85944,110,76230000,'PG-13',747),(748,'Grave Encounters',2011,6.1,33,48240,92,NULL,'Not Rated',183),(749,'The Thinning',2016,5.6,NULL,8092,81,NULL,'Not Rated',749),(750,'Dracula',1979,6.5,NULL,8219,109,20160000,'R',750),(751,'Stephanie',2017,5.8,NULL,3860,86,NULL,'R',751),(752,'Clinical',2017,5.1,NULL,5192,104,NULL,NULL,752),(753,'Tragedy Girls',2017,6,58,6912,98,60000,'R',753),(754,'Pyewacket',2017,5.8,56,5426,90,NULL,'Not Rated',441),(755,'Psycho II',1983,6.5,54,21137,113,34730000,'R',755),(756,'Thinner',1996,5.7,33,25128,93,15170000,'R',59),(757,'American Mary',2012,6.3,46,20478,103,NULL,'R',757),(758,'Plan 9 from Outer Space',1959,4,NULL,33775,79,NULL,'Not Rated',758),(759,'Mindhunters',2004,6.4,33,55113,106,4480000,'R',255),(760,'The Blue Elephant',2014,8.2,NULL,21921,170,NULL,NULL,760),(761,'Knights of Badassdom',2013,5.7,56,18218,86,90000,'R',761),(762,'Murder Party',2007,5.9,NULL,8508,79,NULL,'Not Rated',139),(763,'Chopping Mall',1986,5.6,22,9191,77,NULL,'R',388),(764,'Les yeux sans visage',1960,7.7,90,22704,90,50000,'Not Rated',764),(765,'Henry: Portrait of a Serial Killer',1986,7,80,28422,83,610000,'Unrated',765),(766,'Riaru onigokko',2015,6.1,NULL,4358,85,NULL,NULL,766),(767,'Embrace of the Vampire',1995,4.4,NULL,5548,92,NULL,'R',767),(768,'Hellbound: Hellraiser II',1988,6.5,41,37482,97,11090000,'R',768),(769,'Creep',2004,5.6,NULL,26431,85,NULL,'R',539),(770,'El bar',2017,6.3,NULL,17151,102,NULL,NULL,770),(771,'Halloween: The Curse of Michael Myers',1995,4.9,10,27716,87,15120000,'R',771),(772,'Mayhem',2017,6.3,62,11998,86,NULL,'Unrated',761),(773,'Alone in the Dark',2005,2.3,9,40433,96,5180000,'R',529),(774,'Pledge',2018,5.4,54,1573,77,NULL,'Unrated',774),(775,'Escape Room',2017,4.3,NULL,2139,86,NULL,'R',775),(776,'The Divide',2011,5.8,28,33633,112,20000,'R',396),(777,'Girl House',2014,5.5,NULL,7205,99,NULL,'Not Rated',777),(778,'Inferno',1980,6.7,NULL,16256,106,NULL,'R',159),(779,'The Darkness',2016,4.4,27,12464,92,10730000,'PG-13',359),(780,'Invasion of the Body Snatchers',1956,7.8,92,40779,80,NULL,'Not Rated',780),(781,'House II: The Second Story',1987,5.4,NULL,9205,88,7800000,'PG-13',781),(782,'Jinn',2014,4.2,24,4283,97,150000,'PG-13',782),(783,'Meet the Blacks',2016,5.9,26,34708,94,9090000,'R',75),(784,'Rubber',2010,5.8,59,31409,82,100000,'R',784),(785,'Warlock',1989,6.2,NULL,13741,103,9090000,'R',240),(786,'Q',1982,6.1,NULL,5780,93,NULL,'R',497),(787,'Exorcist: The Beginning',2004,5.1,30,31678,114,41820000,'R',255),(788,'Mientras duermes',2011,7.2,70,33782,102,NULL,'Not Rated',381),(789,'Dahmer',2002,5.6,63,8776,101,140000,'R',789),(790,'The House of the Devil',2009,6.4,73,36899,95,100000,'R',790),(791,'Range 15',2016,5.2,NULL,4848,89,620000,'TV-MA',791),(792,'6 Souls',2010,6.1,28,30434,112,NULL,'R',427),(793,'Lord of Illusions',1995,6.1,NULL,13369,109,13290000,'R',211),(794,'The Good Neighbor',2016,6.3,32,13975,98,NULL,'Not Rated',794),(795,'Batman: Gotham by Gaslight',2018,6.8,NULL,10578,78,NULL,'R',795),(796,'The Loved Ones',2009,6.7,NULL,34363,84,NULL,'R',796),(797,'The Devil\'s Candy',2015,6.4,72,14262,79,NULL,'Not Rated',796),(798,'The Final Wish',2018,4.2,NULL,1993,95,20000,NULL,798),(799,'The Forgotten',2004,5.8,43,61905,91,66640000,'PG-13',613),(800,'Cat\'s Eye',1985,6.3,70,20760,94,13090000,'PG-13',477),(801,'Deep Red',1975,7.7,89,27593,127,NULL,'R',159),(802,'Los cronocrímenes',2007,7.2,68,52475,92,40000,'R',802),(803,'Saw VI',2009,6,30,93564,90,27690000,'R',491),(804,'Piranha',1978,5.9,71,17069,94,6000000,'R',68),(805,'The Blood on Satan\'s Claw',1971,6.4,NULL,3981,97,NULL,'R',805),(806,'C.H.U.D.',1984,5.6,57,9360,88,4650000,'R',806),(807,'The Awakening',2011,6.5,53,60276,102,NULL,'R',807),(808,'Burning Bright',2010,5.9,NULL,5926,86,NULL,'PG-13',808),(809,'Saturn 3',1980,5.1,9,7601,96,NULL,'R',809),(810,'Turbo Kid',2015,6.7,60,23987,93,50000,'Not Rated',218),(811,'Turistas',2006,5.4,36,34304,93,7030000,'R',811),(812,'Abgeschnitten',2018,6.7,NULL,1045,132,NULL,NULL,175),(813,'Ilsa: She Wolf of the SS',1975,5.2,NULL,6577,96,NULL,'R',813),(814,'The Rage: Carrie 2',1999,4.7,42,14592,104,17760000,'R',814),(815,'The Cave',2005,5.1,30,33088,97,15010000,'PG-13',815),(816,'Trash Humpers',2009,5.1,33,3900,78,NULL,'Not Rated',816),(817,'A Dark Song',2016,6.1,71,11206,100,NULL,'Unrated',817),(818,'Freddy\'s Dead: The Final Nightmare',1991,4.9,39,37608,89,34870000,'R',818),(819,'The Toybox',2018,3.8,NULL,1394,95,NULL,NULL,819),(820,'The Exorcist III',1990,6.4,48,22017,110,26100000,'R',820),(821,'Life After Beth',2014,5.6,50,18048,89,80000,'R',821),(822,'No One Lives',2012,6,26,16743,86,70000,'R',570),(823,'Burying the Ex',2014,5.4,37,9128,89,NULL,'R',68),(824,'Cursed',2005,5,31,28863,97,19300000,'PG-13',49),(825,'The Haunting in Connecticut',2009,5.9,33,56542,92,55390000,'PG-13',825),(826,'Darkness Falls',2003,5,23,28771,86,32550000,'PG-13',471),(827,'Tideland',2005,6.5,26,30167,120,70000,'R',827),(828,'Rupture',2016,4.8,35,5257,102,NULL,'Not Rated',828),(829,'Under the Shadow',2016,6.9,84,18812,84,30000,'PG-13',829),(830,'Jeepers Creepers 2',2003,5.6,36,54255,104,35670000,'R',378),(831,'Armed Response',2017,3.8,13,1706,93,NULL,'R',811),(832,'Halloween 4: The Return of Michael Myers',1988,5.9,34,39173,88,17770000,'R',672),(833,'Who Can Kill a Child?',1976,7.3,NULL,5675,112,NULL,'R',728),(834,'Session 9',2001,6.5,58,49801,97,380000,'R',339),(835,'The Thinning: New World Order',2018,3.8,NULL,1547,83,NULL,NULL,749),(836,'Compliance',2012,6.4,68,28757,90,320000,'R',836),(837,'Attack of the 50 Foot Woman',1958,5.1,NULL,4277,65,480000,'Not Rated',837),(838,'Village of the Damned',1995,5.6,41,26412,98,9420000,'R',70),(839,'The Hunger',1983,6.7,52,20897,97,5980000,'R',839),(840,'Into the Grizzly Maze',2015,5.3,43,7027,94,NULL,'R',714),(841,'Troll',1986,4.4,NULL,8469,82,5450000,'PG-13',512),(842,'Man Bites Dog',1992,7.5,NULL,33440,95,210000,'NC-17',842),(843,'Night of the Creeps',1986,6.8,NULL,18250,88,590000,'R',292),(844,'Shark Night 3D',2011,4,22,23225,90,18870000,'PG-13',326),(845,'The Deadly Spawn',1983,6.2,NULL,3702,81,NULL,'R',845),(846,'Hellraiser III: Hell on Earth',1992,5.5,50,24864,97,12530000,'R',846),(847,'The Omen',2006,5.5,43,53808,110,54610000,'R',847),(848,'The Crucifixion',2017,5.1,NULL,5987,90,NULL,'R',396),(849,'Orca',1977,5.7,27,9515,92,14720000,'PG',849),(850,'Frankenweenie',2012,7,74,89617,87,35290000,'PG',85),(851,'The Sandman',2017,4.6,NULL,1101,90,NULL,'R',851),(852,'Satanic',2016,3.7,NULL,5417,85,0,'R',852),(853,'Night of the Living Dead',1990,6.9,54,35921,92,5840000,'R',853),(854,'Strangeland',1998,5,NULL,6258,85,630000,'R',854),(855,'Wolves',2014,5.3,37,7328,91,NULL,'R',855),(856,'Splinter',2008,6.1,58,30998,82,NULL,'R',856),(857,'Boys in the Trees',2016,6.3,NULL,2982,112,NULL,'TV-MA',857),(858,'Paranormal Activity 2',2010,5.7,53,93252,91,84750000,'R',740),(859,'The Gate',1987,6,55,13018,85,13540000,'PG-13',859),(860,'The Fury',1978,6.4,NULL,12171,118,NULL,'R',33),(861,'Cronos',1993,6.7,70,24478,94,620000,'R',162),(862,'Puppet Master: The Littlest Reich',2018,5.4,52,2420,90,NULL,'Not Rated',862),(863,'Horror of Dracula',1958,7.4,NULL,18706,82,NULL,'Not Rated',863),(864,'Blood Fest',2018,5.3,54,3021,92,NULL,'Not Rated',363),(865,'Street Trash',1987,6.1,NULL,8085,91,NULL,'Unrated',865),(866,'XX',2017,4.6,64,9771,80,30000,'R',866),(867,'The Black Room',2017,3.3,NULL,2005,91,NULL,'Not Rated',867),(868,'Train',2008,4.8,NULL,5499,94,NULL,'R',868),(869,'Firestarter',1984,6,50,27004,114,15100000,'R',869),(870,'Feast',2005,6.3,43,28198,95,50000,'R',391),(871,'Holidays',2016,5.1,50,8728,105,NULL,'Not Rated',674),(872,'Fright Night Part 2',1988,5.9,NULL,10362,104,2980000,'R',589),(873,'Deadgirl',2008,5.7,36,17615,101,NULL,'R',873),(874,'Poltergeist III',1988,4.6,40,15600,98,14110000,'PG-13',874),(875,'May',2002,6.7,58,30932,93,150000,'R',298),(876,'The Killer Inside Me',2010,6.1,53,31746,109,210000,'R',876),(877,'A Nightmare on Elm Street 5: The Dream Child',1989,5.2,54,36832,89,22170000,'R',293),(878,'The Resident',2011,5.3,NULL,24946,91,NULL,'R',878),(879,'Pay the Ghost',2015,5.2,23,14157,94,NULL,'Not Rated',879),(880,'The Cabinet of Dr. Caligari',1920,8.1,NULL,49922,67,NULL,'Not Rated',880),(881,'Ted Bundy',2002,5.9,37,6845,99,10000,'R',881),(882,'Basket Case',1982,6.2,77,14483,91,NULL,'Not Rated',882),(883,'Shadow of the Vampire',2000,6.9,71,37780,92,8290000,'R',883),(884,'The Blob',1958,6.4,NULL,20330,86,NULL,'Not Rated',884),(885,'Ringu',1998,7.3,NULL,58574,96,NULL,'Not Rated',747),(886,'Wishmaster',1997,5.8,NULL,18027,90,15720000,'R',886),(887,'Lupt',2018,6.7,NULL,1264,110,NULL,NULL,887),(888,'Hidden',2015,6.4,NULL,17542,84,NULL,'R',888),(889,'Virus',1999,4.9,19,24745,99,14010000,'R',889),(890,'Leatherface: Texas Chainsaw Massacre III',1990,5.2,30,12482,85,5770000,'R',890),(891,'Howl',2015,5.3,NULL,9784,89,NULL,'Not Rated',891),(892,'The Prowler',1981,6.1,45,8255,89,NULL,'R',285),(893,'The Eye',2008,5.4,36,49151,98,31420000,'PG-13',893),(894,'Tenebrae',1982,7.2,NULL,18093,101,NULL,'R',159),(895,'Devil\'s Gate',2017,5.1,37,2989,94,NULL,'Not Rated',895),(896,'Within',2016,5.1,NULL,4629,88,NULL,'R',896),(897,'The Brood',1979,6.9,63,22631,92,NULL,'R',245),(898,'Diabolique',1955,8.1,NULL,56805,117,NULL,'Not Rated',898),(899,'Shutter',2004,7.1,NULL,37444,97,NULL,'Not Rated',899),(900,'Happy Birthday to Me',1981,6.1,24,7348,110,NULL,'R',900),(901,'We Are What We Are',2013,5.9,71,18412,105,80000,'R',901),(902,'Hobo with a Shotgun',2011,6.1,55,41698,86,700000,'Not Rated',902),(903,'The Ranger',2018,5.2,54,1154,77,NULL,NULL,903),(904,'The Lair of the White Worm',1988,5.9,NULL,8856,93,1190000,'R',590),(905,'Corbin Nash',2018,5.2,NULL,4252,94,NULL,'TV-MA',905),(906,'Family Blood',2018,4.2,NULL,1759,92,NULL,'TV-MA',906),(907,'An American Werewolf in Paris',1997,5.1,31,21719,105,26570000,'R',907),(908,'The Rezort',2015,5.3,NULL,7394,93,NULL,'Not Rated',908),(909,'Boo! A Madea Halloween',2016,4.6,30,6890,103,73160000,'PG-13',720),(910,'V/H/S/2',2013,6.1,49,33396,96,20000,'R',910),(911,'Begotten',1990,5.9,NULL,8995,72,NULL,'Unrated',883),(912,'Parents',1989,6.2,NULL,5622,81,870000,'R',912),(913,'Final Prayer',2013,5.7,NULL,5784,89,NULL,'R',913),(914,'The Keeping Hours',2017,6.2,NULL,2040,91,NULL,'PG-13',914),(915,'Dagon',2001,6.3,NULL,15193,98,NULL,'R',476),(916,'Venom',2005,4.7,25,9202,87,880000,'R',302),(917,'Brain Damage',1988,6.7,NULL,8110,84,NULL,'R',882),(918,'Alligator',1980,5.9,NULL,9419,91,NULL,'R',477),(919,'Halloween: Resurrection',2002,4.1,19,34020,94,30350000,'R',407),(920,'Demonic',2015,5.3,NULL,12057,83,NULL,'R',920),(921,'Frontier(s)',2007,6.3,44,23442,108,NULL,'Unrated',396),(922,'Gantz: O',2016,7.2,NULL,9042,95,NULL,NULL,922),(923,'The Beyond',1981,6.9,NULL,18013,87,120000,'R',656),(924,'The Lure',2015,6.4,72,5057,92,100000,'Not Rated',924),(925,'Trench 11',2017,5.4,NULL,1245,90,NULL,'Not Rated',925),(926,'Ghost Story',1981,6.3,NULL,6842,110,23370000,'R',926),(927,'The Poughkeepsie Tapes',2007,6.1,NULL,12598,81,NULL,'R',204),(928,'The Sword and the Sorcerer',1982,5.6,39,5176,99,39100000,'R',596),(929,'Don\'t Be Afraid of the Dark',2010,5.6,56,44522,99,24040000,'R',929),(930,'Shingeki no kyojin endo obu za wârudo',2015,4.8,NULL,3866,87,310000,'Not Rated',481),(931,'Dave Made a Maze',2017,6.2,60,4262,80,30000,'Not Rated',931),(932,'Pet',2016,5.7,48,14001,94,10000,'R',932),(933,'Intruders',2015,5.7,39,10396,90,NULL,'R',933),(934,'Demons',1985,6.7,NULL,17877,88,NULL,'Not Rated',934),(935,'Damien: Omen II',1978,6.3,45,26739,107,3880000,'R',935),(936,'Club Dread',2004,5.7,45,26835,104,4990000,'R',936),(937,'Exorcist II: The Heretic',1977,3.7,39,19778,117,30750000,'R',937),(938,'A Fantastic Fear of Everything',2012,5.9,31,13344,100,NULL,'R',88),(939,'Kill Command',2016,5.7,NULL,11861,99,NULL,'Not Rated',939),(940,'Ticks',1993,5.4,NULL,3388,85,NULL,'R',768),(941,'Crush',2013,5.7,NULL,5088,94,NULL,'PG-13',941),(942,'When the Bough Breaks',2016,5.1,28,4755,107,29700000,'PG-13',942),(943,'My Soul to Take',2010,4.8,25,18415,107,14640000,'R',49),(944,'Starry Eyes',2014,6,49,16025,98,NULL,'Not Rated',19),(945,'Slice',2018,4.5,61,2115,83,NULL,'R',945),(946,'Final Girl',2015,4.7,NULL,12386,90,NULL,'R',946),(947,'The Little Shop of Horrors',1960,6.3,NULL,14617,72,1400000,'Not Rated',947),(948,'The Little Girl Who Lives Down the Lane',1976,7.1,NULL,11438,91,NULL,'PG',948),(949,'Zombie Strippers!',2008,4.1,45,16987,94,NULL,'R',949),(950,'The X Files: I Want to Believe',2008,6,47,85782,104,20980000,'PG-13',950),(951,'The Bunny Game',2011,3.5,NULL,1901,76,NULL,'Not Rated',951),(952,'Peeping Tom',1960,7.7,NULL,27074,101,80000,'Not Rated',952),(953,'Haunter',2013,5.9,49,15449,97,NULL,'Not Rated',209),(954,'Cooties',2014,5.7,49,20711,88,60000,'R',954),(955,'The Seventh Sign',1988,5.9,NULL,12157,97,18880000,'R',955),(956,'Shivers',1975,6.5,NULL,15559,87,NULL,'R',245),(957,'Wolf Creek 2',2013,6.1,44,15867,106,NULL,'Not Rated',359),(958,'Primal Rage: The Legend of Konga',2018,4.9,NULL,2221,106,NULL,'R',958),(959,'Godzilla, King of the Monsters!',1956,6.6,60,6348,80,NULL,'Not Rated',164),(960,'The Nest',1988,5.3,NULL,1720,89,NULL,'R',960),(961,'John Dies at the End',2012,6.4,53,34453,99,140000,'R',580),(962,'Eaten Alive!',1980,5.2,NULL,3173,92,NULL,'Not Rated',962),(963,'You Might Be the Killer',2018,6.1,NULL,2397,92,NULL,'TV-MA',963),(964,'Daylight\'s End',2016,5.4,NULL,4219,105,NULL,'Not Rated',964),(965,'Dark Water',2005,5.6,52,56971,105,25470000,'PG-13',965),(966,'Maniac',1980,6.5,22,12511,87,NULL,'R',966),(967,'Eye See You',2002,5.3,NULL,22460,96,80000,'R',302),(968,'Them!',1954,7.3,NULL,18023,94,NULL,'Not Rated',968),(969,'The Fog',2005,3.6,27,33162,100,29510000,'PG-13',642),(970,'Supernova',2000,4.8,19,16310,90,14220000,'PG-13',970),(971,'The Quiet Ones',2014,5.1,41,17995,98,8500000,'PG-13',971),(972,'Victor Crowley',2017,5.5,NULL,3422,83,NULL,'Not Rated',972),(973,'Passengers',2008,5.9,40,32147,93,270000,'PG-13',973),(974,'Wait Until Dark',1967,7.8,81,25154,108,17550000,'Not Rated',974),(975,'Night of the Wolf',2014,6,51,6096,95,NULL,'Not Rated',975),(976,'7 Guardians of the Tomb',2018,4.5,NULL,2690,90,NULL,'TV-MA',619),(977,'Needful Things',1993,6.2,43,20308,120,15190000,'R',977),(978,'The Keep',1983,5.8,34,9892,96,3760000,'R',249),(979,'122',2019,7.7,NULL,1430,95,NULL,NULL,979),(980,'Horror Express',1972,6.6,68,7915,88,NULL,'R',980),(981,'Dead End',2003,6.6,NULL,23655,85,NULL,'R',981),(982,'Coma',1978,6.9,60,15780,113,NULL,'PG',982),(983,'Boarding School',2018,5.8,45,2106,111,NULL,'R',983),(984,'Hausu',1977,7.4,NULL,16703,88,NULL,'Not Rated',984),(985,'Godzilla vs. Mechagodzilla',1974,6.4,NULL,4648,84,NULL,'G',985),(986,'Pieces',1982,6.1,NULL,7297,85,2030000,'Not Rated',986),(987,'Monkey Shines',1988,6.2,71,9692,113,5340000,'R',354),(988,'Downrange',2017,5.4,42,3403,90,NULL,'Not Rated',570),(989,'Deathgasm',2015,6.3,65,14049,86,NULL,'Not Rated',989),(990,'The Disappointments Room',2016,3.9,31,8204,85,2410000,'R',990),(991,'13 Sins',2014,6.3,44,29625,93,10000,'R',991),(992,'Hatchet',2006,5.7,57,26737,85,160000,'R',972),(993,'Destroy All Monsters',1968,6.6,NULL,4217,88,NULL,'G',164),(994,'God Told Me To',1976,6.3,NULL,3943,91,NULL,'R',497),(995,'Carnival of Souls',1962,7.2,NULL,17833,78,NULL,'PG',995),(996,'Invaders from Mars',1986,5.5,NULL,6955,100,4880000,'PG',112),(997,'Halloween 5: The Revenge of Michael Myers',1989,5.2,28,30858,96,11640000,'R',997),(998,'The Grudge 2',2006,5,33,44400,102,39140000,'PG-13',358),(999,'The Fly II',1989,5,36,19885,105,20020000,'R',999);
/*!40000 ALTER TABLE `HorrorMovies` ENABLE KEYS */;
UNLOCK TABLES;

--
-- Table structure for table `HorrorMovies_Actors`
--

DROP TABLE IF EXISTS `HorrorMovies_Actors`;
/*!40101 SET @saved_cs_client     = @@character_set_client */;
 SET character_set_client = utf8mb4 ;
CREATE TABLE `HorrorMovies_Actors` (
  `idScaryMovies` int(11) NOT NULL,
  `idActors` int(11) NOT NULL,
  KEY `fk_HorrorMovies_has_Actors_Actors1_idx` (`idActors`),
  KEY `fk_HorrorMovies_has_Actors_HorrorMovies1_idx` (`idScaryMovies`),
  CONSTRAINT `fk_HorrorMovies_has_Actors_Actors1` FOREIGN KEY (`idActors`) REFERENCES `actors` (`idActors`),
  CONSTRAINT `fk_HorrorMovies_has_Actors_HorrorMovies1` FOREIGN KEY (`idScaryMovies`) REFERENCES `horrormovies` (`idScaryMovies`) ON DELETE CASCADE ON UPDATE CASCADE
) ENGINE=InnoDB DEFAULT CHARSET=utf8mb4 COLLATE=utf8mb4_0900_ai_ci;
/*!40101 SET character_set_client = @saved_cs_client */;

--
-- Dumping data for table `HorrorMovies_Actors`
--

LOCK TABLES `HorrorMovies_Actors` WRITE;
/*!40000 ALTER TABLE `HorrorMovies_Actors` DISABLE KEYS */;
INSERT INTO `HorrorMovies_Actors` VALUES (1,1),(2,2),(3,3),(4,4),(5,5),(6,6),(7,7),(8,8),(9,9),(10,10),(11,11),(12,12),(13,13),(14,14),(15,15),(16,16),(17,17),(18,18),(19,19),(20,20),(21,21),(22,22),(23,23),(24,24),(25,25),(26,26),(27,27),(28,28),(29,29),(30,30),(31,31),(32,32),(33,33),(34,34),(35,35),(36,36),(37,37),(38,38),(39,39),(40,40),(41,41),(42,42),(43,43),(44,44),(45,45),(46,46),(47,47),(48,48),(49,49),(50,50),(51,51),(52,52),(53,53),(54,24),(55,55),(56,56),(57,57),(58,58),(59,59),(60,60),(61,61),(62,62),(63,63),(64,36),(65,65),(66,66),(67,67),(68,68),(69,69),(70,70),(71,71),(72,72),(73,73),(74,74),(75,75),(76,76),(77,77),(78,78),(79,79),(80,56),(81,81),(82,82),(83,83),(84,84),(85,85),(86,86),(87,87),(88,88),(89,89),(90,90),(91,62),(92,73),(93,93),(94,94),(95,23),(96,96),(97,97),(98,98),(99,99),(100,100),(101,101),(102,102),(103,103),(104,104),(105,105),(106,106),(107,107),(108,108),(109,109),(110,110),(111,111),(112,112),(113,113),(114,114),(115,115),(116,116),(117,117),(118,118),(119,119),(120,120),(121,121),(122,122),(123,123),(124,124),(125,125),(126,126),(127,124),(128,128),(129,129),(130,69),(131,23),(132,132),(133,125),(134,134),(135,135),(136,18),(137,137),(138,138),(139,139),(140,85),(141,141),(142,122),(143,143),(144,144),(145,145),(147,147),(148,148),(149,149),(150,150),(151,151),(152,152),(153,153),(154,154),(155,155),(156,156),(157,157),(158,158),(159,159),(160,160),(161,161),(162,162),(163,163),(164,164),(165,165),(166,166),(167,167),(168,168),(169,169),(170,170),(171,171),(172,172),(173,173),(174,174),(175,175),(176,176),(177,177),(178,178),(179,179),(180,180),(181,181),(182,182),(183,183),(184,184),(185,185),(186,186),(187,187),(188,188),(190,190),(191,191),(192,192),(193,193),(194,194),(195,195),(196,196),(197,197),(198,198),(199,199),(200,200),(201,200),(202,202),(203,203),(204,204),(205,179),(206,206),(207,207),(208,208),(209,209),(210,173),(211,211),(212,212),(213,213),(214,49),(215,215),(216,216),(217,217),(218,218),(219,219),(220,220),(221,221),(222,222),(223,223),(224,224),(225,225),(226,226),(227,227),(228,228),(229,229),(230,230),(231,180),(232,232),(233,73),(234,234),(235,235),(236,236),(237,237),(238,203),(239,239),(240,82),(241,241),(242,110),(243,243),(244,244),(245,245),(246,191),(247,247),(248,248),(249,249),(250,250),(251,251),(252,145),(253,253),(254,254),(255,255),(256,256),(257,257),(258,145),(259,259),(260,260),(261,261),(262,262),(263,192),(264,264),(265,265),(266,266),(267,267),(268,158),(269,55),(270,270),(271,271),(272,272),(273,273),(274,179),(275,275),(276,162),(277,277),(278,278),(279,279),(280,280),(281,281),(282,282),(283,283),(284,284),(285,285),(286,286),(287,287),(288,288),(289,289),(290,290),(291,291),(292,292),(293,293),(294,294),(295,295),(296,296),(297,297),(298,298),(299,299),(300,300),(301,301),(302,302),(303,303),(304,304),(305,305),(306,306),(307,307),(308,297),(309,309),(310,310),(311,311),(312,312),(313,313),(314,314),(315,49),(316,316),(317,317),(318,318),(319,260),(320,320),(321,321),(322,322),(323,323),(324,324),(325,325),(326,326),(327,139),(328,328),(329,329),(330,330),(331,331),(332,332),(333,333),(334,203),(335,110),(336,336),(337,337),(338,338),(339,339),(340,340),(341,341),(342,342),(343,343),(344,344),(345,345),(346,346),(347,347),(348,348),(349,349),(350,350),(351,351),(352,352),(353,75),(354,354),(355,36),(356,356),(357,357),(358,358),(359,72),(360,360),(361,85),(362,289),(363,363),(364,154),(365,365),(366,366),(367,367),(368,368),(369,369),(370,370),(371,138),(372,372),(373,124),(374,374),(375,375),(376,376),(377,377),(378,378),(379,379),(380,380),(381,381),(382,382),(383,383),(384,384),(385,385),(386,386),(387,387),(388,388),(389,197),(390,390),(391,391),(392,192),(393,393),(394,394),(395,395),(396,396),(397,397),(398,398),(399,399),(400,192),(401,401),(402,402),(403,294),(404,71),(405,405),(406,406),(407,14),(408,408),(409,409),(410,68),(411,411),(412,412),(413,224),(414,414),(415,229),(416,416),(417,417),(418,192),(419,419),(420,420),(421,421),(422,422),(423,423),(424,224),(425,425),(426,426),(427,224),(428,428),(429,429),(430,55),(431,431),(432,432),(433,431),(434,434),(435,435),(436,436),(437,437),(438,438),(439,439),(440,440),(441,441),(442,442),(443,431),(444,444),(445,445),(446,175),(447,447),(448,448),(449,192),(450,339),(451,451),(452,452),(453,453),(454,454),(455,455),(456,456),(457,457),(458,458),(459,459),(460,32),(461,129),(462,462),(463,220),(464,100),(465,465),(466,466),(467,75),(468,468),(469,469),(470,253),(471,198),(472,472),(473,473),(474,474),(475,475),(476,476),(477,477),(478,282),(479,479),(480,480),(481,481),(482,237),(483,483),(484,316),(485,485),(486,55),(487,487),(488,488),(489,489),(490,124),(491,491),(492,492),(493,493),(494,494),(495,495),(496,370),(497,497),(498,7),(499,499),(500,500),(501,501),(502,502),(503,503),(504,504),(505,505),(506,506),(507,151),(508,477),(509,509),(510,510),(511,511),(512,512),(513,513),(514,514),(515,515),(516,516),(517,517),(518,518),(519,519),(520,520),(521,521),(522,522),(523,101),(524,524),(525,139),(526,526),(527,527),(528,528),(529,529),(530,530),(531,500),(532,532),(533,533),(534,534),(535,535),(536,536),(537,537),(538,538),(539,539),(540,540),(541,541),(542,542),(543,543),(544,544),(545,545),(546,546),(548,548),(549,549),(550,550),(551,551),(552,552),(553,553),(554,554),(555,555),(556,14),(557,557),(558,558),(559,559),(560,560),(561,561),(562,562),(563,563),(564,564),(565,565),(566,566),(567,254),(568,154),(569,200),(570,570),(571,208),(572,572),(573,573),(574,574),(575,575),(576,397),(577,577),(578,445),(579,579),(580,110),(581,581),(582,582),(583,583),(584,558),(585,585),(586,586),(587,587),(588,588),(589,589),(590,590),(591,339),(592,592),(593,593),(594,594),(595,595),(596,596),(597,344),(598,598),(599,599),(600,600),(601,554),(602,602),(603,603),(604,575),(605,605),(606,606),(607,607),(608,608),(609,609),(610,610),(611,611),(612,612),(613,613),(614,499),(615,615),(616,616),(617,178),(618,154),(619,619),(620,620),(621,621),(622,70),(623,623),(624,624),(625,625),(626,626),(627,499),(628,628),(629,629),(630,630),(631,631),(632,632),(633,633),(634,634),(635,635),(636,636),(637,637),(638,638),(639,639),(640,640),(641,641),(642,642),(643,643),(644,644),(645,477),(646,646),(647,647),(648,648),(649,649),(650,650),(651,651),(652,652),(653,653),(654,654),(655,655),(656,656),(657,657),(658,658),(659,75),(660,660),(661,239),(662,662),(663,663),(664,664),(665,665),(666,666),(667,137),(668,554),(669,669),(670,15),(671,671),(672,672),(673,673),(674,674),(675,675),(676,676),(677,677),(678,678),(679,100),(680,680),(681,681),(682,682),(683,683),(684,684),(685,137),(686,686),(687,687),(688,688),(689,689),(690,690),(691,691),(692,692),(693,671),(694,694),(695,447),(696,696),(697,697),(698,698),(699,699),(700,700),(701,701),(702,702),(703,703),(704,704),(705,705),(706,706),(707,707),(708,530),(709,709),(710,710),(711,711),(712,144),(713,254),(714,714),(715,715),(716,716),(717,717),(718,718),(719,719),(720,720),(721,229),(722,722),(723,723),(724,724),(725,725),(726,726),(727,727),(728,728),(729,729),(730,112),(731,731),(732,732),(733,733),(734,734),(735,23),(736,302),(737,737),(738,738),(739,739),(740,419),(741,7),(742,742),(743,743),(745,745),(746,476),(747,173),(748,748),(749,749),(750,750),(751,751),(752,752),(753,753),(754,754),(755,53),(756,756),(757,757),(758,758),(759,759),(760,760),(761,534),(762,762),(763,763),(764,764),(765,765),(766,766),(767,767),(768,768),(769,769),(770,770),(771,70),(772,772),(773,773),(774,774),(775,775),(776,160),(777,777),(778,778),(779,200),(780,780),(781,781),(782,782),(783,783),(784,784),(785,785),(786,786),(787,787),(788,788),(789,191),(790,790),(791,791),(792,792),(793,793),(794,794),(795,795),(796,796),(797,797),(798,135),(799,792),(800,800),(801,801),(802,802),(803,499),(804,804),(805,805),(806,806),(807,807),(808,628),(809,809),(810,810),(811,811),(812,812),(813,813),(814,814),(815,815),(816,816),(817,817),(818,254),(819,737),(820,632),(821,4),(822,190),(823,139),(824,824),(825,188),(826,826),(827,294),(828,828),(829,829),(830,830),(831,145),(832,70),(833,833),(834,834),(835,749),(836,836),(837,837),(838,838),(839,655),(840,680),(841,497),(842,842),(843,843),(844,844),(845,845),(846,846),(847,847),(848,848),(849,849),(850,850),(851,851),(852,852),(853,853),(854,854),(855,855),(856,856),(857,857),(858,356),(859,320),(860,860),(861,861),(862,862),(863,863),(864,864),(865,865),(866,866),(867,137),(868,868),(869,800),(870,870),(871,871),(872,872),(873,873),(874,874),(875,875),(876,876),(877,254),(878,878),(879,55),(880,880),(881,881),(882,882),(883,883),(884,884),(885,885),(886,886),(887,887),(888,888),(889,14),(890,890),(891,891),(892,892),(893,893),(894,894),(895,895),(896,681),(897,897),(898,898),(899,899),(900,900),(901,901),(902,902),(903,903),(904,904),(905,905),(906,752),(907,907),(908,908),(909,720),(910,910),(911,911),(912,912),(913,913),(914,914),(915,915),(916,916),(917,917),(918,918),(919,14),(920,920),(921,921),(922,922),(923,923),(924,924),(925,925),(926,926),(927,927),(928,928),(929,929),(930,930),(931,931),(932,932),(933,215),(934,934),(935,935),(936,936),(937,937),(938,60),(939,939),(940,940),(941,941),(942,672),(943,943),(944,944),(945,945),(946,946),(947,947),(948,948),(949,949),(950,950),(951,951),(952,952),(953,946),(954,398),(955,955),(956,956),(957,957),(958,958),(959,663),(960,960),(961,961),(962,163),(963,963),(964,964),(965,723),(966,966),(967,967),(968,968),(969,969),(970,970),(971,971),(972,972),(973,973),(974,974),(975,975),(976,976),(977,977),(978,978),(979,979),(980,980),(981,981),(982,982),(983,983),(984,984),(985,985),(986,986),(987,987),(988,988),(989,989),(990,224),(991,991),(992,452),(993,993),(994,994),(995,995),(996,996),(997,70),(998,998),(999,999),(1,1000),(2,1001),(3,1002),(4,1003),(5,1004),(6,1005),(7,1006),(8,976),(9,1008),(10,1009),(11,5),(12,1011),(13,1012),(14,1013),(15,1014),(16,1015),(17,1016),(18,96),(19,1018),(20,572),(21,44),(22,1021),(23,1022),(24,1023),(25,192),(26,1025),(27,506),(28,1027),(29,795),(30,1029),(31,1030),(32,1031),(33,1032),(34,1033),(35,1034),(36,69),(37,1036),(38,309),(39,1038),(40,1039),(41,1040),(42,1041),(43,1042),(44,1043),(45,1044),(46,850),(47,1046),(48,611),(49,1048),(50,1049),(51,1050),(52,1051),(53,1052),(54,1023),(55,1054),(56,1055),(57,1056),(58,1057),(59,368),(60,1059),(61,1060),(62,382),(63,977),(64,1000),(65,1064),(66,1065),(67,1066),(68,1067),(69,36),(70,14),(71,1070),(72,1071),(73,36),(74,1073),(75,1074),(76,423),(77,1036),(78,1077),(79,1078),(80,1079),(81,1080),(82,1081),(83,1082),(84,1083),(85,1084),(86,1085),(87,1086),(88,1087),(89,1088),(90,1089),(91,996),(92,1091),(93,1092),(94,148),(95,1094),(96,323),(97,1096),(98,479),(99,1098),(100,85),(101,1100),(102,1101),(103,1102),(104,1103),(105,1104),(106,1105),(107,1106),(108,1084),(109,1108),(110,1109),(111,1110),(112,874),(113,1112),(114,1113),(115,1114),(116,1115),(117,653),(118,524),(119,1118),(120,1119),(121,1120),(122,1121),(123,1122),(124,1123),(125,75),(126,1125),(127,1126),(128,18),(129,1128),(130,1129),(131,850),(132,1131),(133,1132),(134,1133),(135,1113),(136,792),(137,1136),(138,1137),(139,1138),(140,824),(141,888),(142,1141),(143,297),(144,1143),(145,320),(147,1146),(148,873),(149,1148),(150,1149),(151,1150),(152,1151),(153,1152),(154,1153),(155,1154),(156,1155),(157,1156),(158,206),(159,1158),(160,1159),(161,1160),(162,1161),(163,1162),(164,1163),(165,711),(166,1165),(167,1166),(168,225),(169,1168),(170,1169),(171,1170),(172,1171),(173,1172),(174,447),(175,1174),(176,1175),(177,1176),(178,1177),(179,754),(180,495),(181,1180),(182,1181),(183,546),(184,1183),(185,980),(186,1185),(187,1186),(188,1187),(190,1189),(191,1190),(192,1191),(193,1192),(194,1193),(195,1194),(196,1195),(197,122),(198,1197),(199,405),(200,267),(201,1200),(202,499),(203,1202),(204,1203),(205,1204),(206,929),(207,1206),(208,1207),(209,166),(210,1209),(211,1210),(212,1211),(213,17),(214,1048),(215,1214),(216,180),(217,352),(218,109),(219,1218),(220,1219),(221,1220),(222,1221),(223,1222),(224,1223),(225,1224),(226,1225),(227,352),(228,1227),(229,1228),(230,1012),(231,1230),(232,312),(233,266),(234,1233),(235,297),(236,1235),(237,1236),(238,21),(239,1238),(240,1239),(241,785),(242,1241),(243,151),(244,1243),(245,1244),(246,1000),(247,1246),(248,1247),(249,1248),(250,1249),(251,1250),(252,1251),(253,102),(254,1253),(255,1254),(256,1255),(257,1100),(258,1251),(259,1258),(260,1259),(261,1260),(262,1259),(263,1262),(264,1263),(265,1264),(266,1265),(267,1266),(268,387),(269,63),(270,1269),(271,1270),(272,1271),(273,1272),(274,1273),(275,981),(276,1275),(277,1276),(278,1277),(279,491),(280,1279),(281,1280),(282,1281),(283,1282),(284,1283),(285,1284),(286,1285),(287,1286),(288,1287),(289,401),(290,399),(291,1290),(292,1291),(293,494),(294,1293),(295,1294),(296,1295),(297,1296),(298,1297),(299,1298),(300,1299),(301,1300),(302,358),(303,1302),(304,1303),(305,1300),(306,44),(307,500),(308,76),(309,1172),(310,1309),(311,1310),(312,1133),(313,1312),(314,1221),(315,1048),(316,1152),(317,1316),(318,1317),(319,1190),(320,1319),(321,1320),(322,439),(323,660),(324,1323),(325,1324),(326,1143),(327,1326),(328,690),(329,46),(330,1329),(331,1330),(332,1331),(333,1332),(334,1333),(335,1334),(336,1335),(337,1336),(338,1337),(339,1338),(340,1339),(341,1340),(342,1341),(343,1342),(344,1343),(345,44),(346,399),(347,1346),(348,1347),(349,1348),(350,1349),(351,48),(352,1351),(353,1352),(354,1353),(355,1000),(356,1355),(357,1356),(358,1357),(359,1358),(360,1359),(361,1360),(362,401),(363,1362),(364,1363),(365,1364),(366,1365),(367,1366),(368,872),(369,1368),(370,1369),(371,417),(372,1371),(373,152),(374,1373),(375,1374),(376,1375),(377,1376),(378,48),(379,1378),(380,1379),(381,1380),(382,1381),(383,1382),(384,1383),(385,1384),(386,1385),(387,1386),(388,1387),(389,1388),(390,358),(391,1165),(392,1143),(393,1392),(394,1393),(395,6),(396,1395),(397,1396),(398,1397),(399,1398),(400,1399),(401,1285),(402,1401),(403,530),(404,1403),(405,1404),(406,1405),(407,70),(408,102),(409,9),(410,1067),(411,1410),(412,1411),(413,1412),(414,1413),(415,1414),(416,1415),(417,1416),(418,1143),(419,1418),(420,1419),(421,1420),(422,1421),(423,168),(424,1423),(425,122),(426,1425),(427,1426),(428,1427),(429,1428),(430,1275),(431,1430),(432,1431),(433,1432),(434,1433),(435,1434),(436,1435),(437,1436),(438,1437),(439,1438),(440,1439),(441,1440),(442,769),(443,1442),(444,671),(445,1444),(446,1041),(447,1446),(448,1447),(449,1399),(450,1449),(451,1450),(452,1451),(453,1452),(454,1453),(455,1364),(456,1455),(457,1456),(458,1457),(459,1458),(460,267),(461,1460),(462,1461),(463,1462),(464,254),(465,1464),(466,1465),(467,1466),(468,1467),(469,1468),(470,1469),(471,1470),(472,1258),(473,1472),(474,1473),(475,1474),(476,1475),(477,1476),(478,1477),(479,14),(480,1479),(481,1480),(482,1481),(483,1482),(484,946),(485,1484),(486,1485),(487,1486),(488,1487),(489,1488),(490,474),(491,991),(492,1491),(493,1492),(494,1346),(495,1494),(496,49),(497,1496),(498,1497),(499,1498),(500,1499),(501,1190),(502,1501),(503,1502),(504,1503),(505,1504),(506,1505),(507,1506),(508,1507),(509,1508),(510,1509),(511,1510),(512,1511),(513,1512),(514,1513),(515,1299),(516,763),(517,1516),(518,118),(519,1518),(520,572),(521,1520),(522,1521),(523,1522),(524,1523),(525,1524),(526,759),(527,1526),(528,1527),(529,1528),(530,200),(531,1530),(532,1531),(533,1532),(534,1533),(535,1534),(536,1535),(537,1536),(538,1446),(539,609),(540,217),(541,1540),(542,1541),(543,1542),(544,1543),(545,1544),(546,1545),(548,1547),(549,1548),(550,225),(551,815),(552,1551),(553,1552),(554,1553),(555,1554),(556,262),(557,1556),(558,1557),(559,1558),(560,1559),(561,42),(562,1561),(563,1562),(564,356),(565,1564),(566,1565),(567,1566),(568,1567),(569,1568),(570,1569),(571,1570),(572,1571),(573,1572),(574,1573),(575,1574),(576,1575),(577,1576),(578,1577),(579,1578),(580,1579),(581,1580),(582,1581),(583,1582),(584,37),(585,111),(586,495),(587,1586),(588,1587),(589,1588),(590,1589),(591,1356),(592,1591),(593,1592),(594,1593),(595,1594),(596,1595),(597,1596),(598,1597),(599,1598),(600,1599),(601,1442),(602,1601),(603,1602),(604,1398),(605,1604),(606,1605),(607,757),(608,1607),(609,1608),(610,1609),(611,1610),(612,1611),(613,1612),(614,437),(615,1614),(616,1615),(617,1616),(618,352),(619,796),(620,1619),(621,1620),(622,1621),(623,1622),(624,254),(625,1624),(626,1625),(627,714),(628,1627),(629,1628),(630,1629),(631,1630),(632,1631),(633,1632),(634,1633),(635,1634),(636,1635),(637,1636),(638,1637),(639,1638),(640,1639),(641,1640),(642,1152),(643,1642),(644,1643),(645,1644),(646,1457),(647,383),(648,1647),(649,1648),(650,1649),(651,1650),(652,1651),(653,148),(654,1653),(655,1654),(656,1655),(657,1656),(658,1657),(659,977),(660,1659),(661,1660),(662,1661),(663,1662),(664,1663),(665,1664),(666,1129),(667,1136),(668,1667),(669,1668),(670,1669),(671,1670),(672,1671),(673,1672),(674,1673),(675,1674),(676,1675),(677,1676),(678,1677),(679,254),(680,929),(681,179),(682,1681),(683,1682),(684,1683),(685,1684),(686,1685),(687,1686),(688,1687),(689,1688),(690,1689),(691,1690),(692,1691),(693,14),(694,1693),(695,548),(696,1299),(697,1696),(698,1697),(699,227),(700,1699),(701,1700),(702,1701),(703,1702),(704,1703),(705,1704),(706,1705),(707,530),(708,1707),(709,1708),(710,1709),(711,1710),(712,1711),(713,1712),(714,1498),(715,177),(716,1715),(717,1716),(718,1717),(719,1718),(720,1719),(721,1720),(722,1721),(723,70),(724,1723),(725,1724),(726,1725),(727,1726),(728,1727),(729,1728),(730,1729),(731,1730),(732,1731),(733,1732),(734,1733),(735,500),(736,390),(737,1736),(738,1737),(739,1738),(740,1418),(741,1084),(742,1741),(743,1742),(745,1744),(746,1745),(747,1746),(748,1747),(749,1748),(750,1749),(751,431),(752,1751),(753,1752),(754,1753),(755,1754),(756,1755),(757,1756),(758,1757),(759,1758),(760,1759),(761,1760),(762,1761),(763,1762),(764,1763),(765,1764),(766,1765),(767,1766),(768,1767),(769,416),(770,1769),(771,1770),(772,1108),(773,1772),(774,1773),(775,1774),(776,1775),(777,1776),(778,1777),(779,179),(780,1779),(781,1780),(782,1781),(783,1782),(784,1783),(785,1784),(786,497),(787,1786),(788,1787),(789,1788),(790,1789),(791,1790),(792,1791),(793,1792),(794,1012),(795,548),(796,1795),(797,1796),(798,1797),(799,1798),(800,397),(801,1800),(802,1801),(803,1498),(804,1803),(805,1804),(806,1805),(807,1798),(808,1807),(809,860),(810,1809),(811,1259),(812,1811),(813,1812),(814,624),(815,672),(816,1815),(817,1816),(818,1817),(819,1818),(820,1819),(821,222),(822,1821),(823,1822),(824,43),(825,1824),(826,1825),(827,289),(828,1827),(829,1828),(830,981),(831,1494),(832,1831),(833,1832),(834,1833),(835,1748),(836,1835),(837,1836),(838,1837),(839,1838),(840,122),(841,1840),(842,1841),(843,589),(844,1843),(845,1844),(846,768),(847,1846),(848,1847),(849,1848),(850,1849),(851,499),(852,1851),(853,1852),(854,1383),(855,1854),(856,1855),(857,1856),(858,1355),(859,1858),(860,1168),(861,162),(862,1861),(863,980),(864,1863),(865,1864),(866,1865),(867,1866),(868,1867),(869,1868),(870,1393),(871,1870),(872,1871),(873,1872),(874,1022),(875,1192),(876,666),(877,1876),(878,1302),(879,1878),(880,1879),(881,1880),(882,1881),(883,152),(884,1883),(885,1884),(886,1885),(887,1886),(888,1054),(889,399),(890,1353),(891,1890),(892,1891),(893,1892),(894,1893),(895,349),(896,1895),(897,1896),(898,1897),(899,1898),(900,1899),(901,1900),(902,1901),(903,1902),(904,1903),(905,102),(906,514),(907,1906),(908,1907),(909,1719),(910,1909),(911,1910),(912,1911),(913,1912),(914,1913),(915,1914),(916,1915),(917,1916),(918,1917),(919,1918),(920,431),(921,1920),(922,1921),(923,1922),(924,1923),(925,1924),(926,1925),(927,1926),(928,1927),(929,731),(930,35),(931,1930),(932,1931),(933,1932),(934,1933),(935,1934),(936,1935),(937,1936),(938,1937),(939,1938),(940,1939),(941,1940),(942,1941),(943,1942),(944,1943),(945,1944),(946,1945),(947,1946),(948,1947),(949,254),(950,1949),(951,1950),(952,1951),(953,1952),(954,1953),(955,1775),(956,1955),(957,1956),(958,1957),(959,164),(960,1959),(961,1960),(962,1961),(963,1962),(964,690),(965,1964),(966,1965),(967,1094),(968,1967),(969,1968),(970,1969),(971,1970),(972,452),(973,36),(974,1973),(975,797),(976,710),(977,1976),(978,1977),(979,1978),(980,863),(981,135),(982,1981),(983,1982),(984,1983),(985,1984),(986,1985),(987,1986),(988,1987),(989,1988),(990,1989),(991,1990),(992,1991),(993,1992),(994,1993),(995,1994),(996,1995),(997,1996),(998,1997),(999,1998),(1,1999),(2,2000),(3,2001),(4,1150),(5,2003),(6,2004),(7,2005),(8,1953),(9,1152),(10,2008),(11,2009),(12,2010),(13,2011),(14,2012),(15,2013),(16,2014),(17,2015),(18,2016),(19,2017),(20,2018),(21,2019),(22,2020),(23,2021),(24,2022),(25,1174),(26,883),(27,2025),(28,1310),(29,2027),(30,2028),(31,2029),(32,1976),(33,2031),(34,2032),(35,2033),(36,2034),(37,2035),(38,40),(39,2037),(40,2038),(41,2039),(42,2040),(43,2041),(44,2042),(45,2043),(46,1364),(47,2045),(48,2046),(49,370),(50,2035),(51,2049),(52,2050),(53,1754),(54,2052),(55,2053),(56,260),(57,2000),(58,2056),(59,312),(60,2058),(61,2059),(62,1427),(63,1936),(64,2062),(65,2063),(66,2064),(67,2065),(68,2066),(69,2067),(70,2068),(71,2069),(72,2070),(73,2071),(74,2072),(75,2073),(76,1430),(77,1581),(78,2076),(79,2077),(80,2078),(81,2079),(82,2080),(83,2081),(84,2082),(85,2083),(86,2084),(87,2085),(88,2086),(89,2087),(90,2088),(91,1427),(92,1225),(93,2091),(94,387),(95,2093),(96,168),(97,2095),(98,981),(99,2097),(100,254),(101,2099),(102,2100),(103,2101),(104,1153),(105,2103),(106,2104),(107,2105),(108,2106),(109,2107),(110,2108),(111,2109),(112,1729),(113,1166),(114,293),(115,2113),(116,2114),(117,582),(118,2116),(119,1286),(120,2118),(121,2119),(122,754),(123,1271),(124,2122),(125,1094),(126,2124),(127,514),(128,2126),(129,2127),(130,2128),(131,2129),(132,2130),(133,2131),(134,2132),(135,2133),(136,2134),(137,1593),(138,1416),(139,2137),(140,2138),(141,2139),(142,2140),(143,72),(144,2142),(145,1251),(147,1494),(148,1131),(149,2147),(150,2148),(151,920),(152,2150),(153,2151),(154,2152),(155,2153),(156,920),(157,2155),(158,2156),(159,2157),(160,2158),(161,51),(162,1275),(163,2161),(164,2162),(165,1947),(166,2164),(167,2165),(168,323),(169,2167),(170,2168),(171,2169),(172,2170),(173,118),(174,2172),(175,2173),(177,2175),(178,2176),(179,609),(180,2178),(181,2179),(182,2180),(183,2181),(184,1702),(185,2183),(186,2184),(187,2185),(188,853),(190,2188),(191,2189),(192,2190),(193,2191),(194,2192),(195,2193),(196,2194),(197,2195),(198,2196),(199,49),(200,2198),(201,2199),(202,2200),(203,2201),(204,2202),(205,391),(206,40),(207,1982),(208,2206),(209,2207),(210,2208),(211,1767),(212,2091),(213,2211),(214,370),(215,2213),(216,999),(217,1195),(218,2216),(219,2217),(220,2218),(221,1669),(222,2220),(223,2221),(224,2222),(225,2223),(226,1381),(227,2225),(228,2226),(229,2227),(230,2228),(231,2229),(232,401),(233,2231),(234,29),(235,2233),(236,2234),(237,2235),(238,2236),(239,476),(240,2238),(241,143),(242,2240),(243,883),(244,1676),(245,2243),(246,1730),(247,2245),(248,2246),(249,2247),(250,1189),(251,2249),(252,2250),(253,1469),(254,2252),(255,2253),(256,2254),(257,2255),(258,162),(259,2257),(260,2258),(261,1241),(262,2260),(263,1143),(264,2262),(265,2263),(266,2198),(267,2265),(268,2266),(269,2267),(270,2268),(271,2269),(272,2270),(273,2271),(274,2272),(275,1392),(276,1161),(277,2275),(278,2276),(279,2277),(280,2278),(281,2279),(282,1477),(283,2281),(284,1418),(285,2283),(286,2284),(287,2285),(288,1358),(289,2287),(290,2288),(291,2289),(292,2290),(293,2291),(294,2292),(295,2293),(296,2294),(297,2295),(298,2296),(299,2297),(301,2299),(302,1494),(303,2301),(304,2302),(305,2303),(306,2304),(307,2305),(308,2306),(309,2307),(310,609),(311,2128),(312,2310),(313,2311),(314,676),(315,370),(316,199),(317,2315),(318,2316),(319,2317),(320,585),(321,2319),(322,2320),(323,2321),(324,2322),(325,2323),(326,853),(327,287),(328,2326),(329,1132),(330,2328),(331,2329),(332,2330),(333,2331),(334,1233),(335,2333),(336,2334),(337,2335),(338,2336),(339,946),(340,2338),(341,2339),(342,2340),(343,2341),(344,2342),(345,739),(346,2344),(347,2345),(348,2346),(349,1186),(350,458),(351,2349),(352,2350),(353,1132),(354,2352),(355,528),(356,2354),(357,2355),(358,1197),(359,2357),(360,2358),(361,2359),(362,2360),(363,2361),(364,2362),(365,16),(366,2364),(367,2365),(368,2366),(369,2367),(370,2368),(371,2369),(372,2370),(373,352),(374,2372),(375,2373),(376,2374),(377,2375),(378,830),(379,2377),(380,2378),(381,2379),(382,1788),(383,2381),(384,2382),(385,2153),(386,2384),(387,2385),(388,98),(389,2387),(390,2388),(391,2389),(392,2390),(393,1925),(394,2392),(395,765),(396,2394),(397,2395),(398,2396),(399,245),(400,2398),(401,2399),(402,2400),(403,2401),(404,65),(405,2403),(406,2404),(407,2405),(408,806),(409,2407),(410,2408),(411,2409),(412,2133),(413,2411),(414,2412),(415,2413),(416,2414),(417,2415),(418,2416),(419,2417),(420,2418),(421,2419),(422,2420),(423,2421),(424,474),(425,2423),(426,2424),(427,314),(428,957),(429,2427),(430,2428),(431,2429),(432,1818),(433,2431),(434,2432),(435,2433),(436,2434),(437,2435),(438,2436),(439,2437),(440,2438),(441,2439),(442,2440),(443,2441),(444,479),(445,2443),(446,2444),(447,46),(448,2446),(449,1191),(450,2448),(451,2449),(452,2450),(453,2451),(454,2452),(455,1233),(456,2454),(457,2455),(458,2456),(459,2457),(460,943),(461,612),(462,2460),(463,1219),(464,926),(465,2463),(466,2464),(467,2465),(468,2466),(469,2467),(470,102),(471,1368),(472,2470),(473,2471),(474,759),(475,2473),(476,1745),(477,2475),(478,2476),(479,1052),(480,2142),(481,2479),(482,2480),(483,2481),(484,2482),(485,6),(486,2484),(487,85),(488,2486),(489,2487),(490,2488),(491,2489),(492,159),(493,2491),(494,1051),(495,792),(496,1048),(497,2495),(498,2496),(499,2497),(500,1258),(501,1171),(502,2500),(503,690),(504,2502),(505,2503),(506,2504),(507,2505),(508,2506),(509,2507),(510,2508),(511,2509),(512,2510),(513,2511),(514,2512),(515,2513),(516,2514),(517,2515),(518,2516),(519,2517),(520,2359),(521,2519),(522,2520),(523,2521),(524,2201),(525,2523),(526,2524),(527,2525),(528,2526),(529,2527),(530,2528),(531,1188),(532,2530),(533,1235),(534,542),(535,2533),(536,2534),(537,2535),(538,2536),(539,2537),(540,1935),(541,2539),(542,2540),(543,2541),(544,2542),(545,2543),(546,2544),(548,2546),(549,2547),(550,856),(551,583),(552,2550),(553,2551),(554,2552),(555,2553),(556,2554),(557,2555),(558,2556),(559,2557),(560,2558),(561,2559),(562,2560),(563,2561),(564,2562),(565,2563),(566,2564),(567,2565),(568,2566),(569,2567),(570,2559),(571,2569),(572,2570),(573,2571),(574,409),(575,188),(576,275),(577,2575),(578,391),(579,2035),(580,2578),(581,2579),(582,2580),(583,2581),(584,2582),(585,2583),(586,2584),(587,2585),(588,2586),(589,2587),(590,2456),(591,2589),(592,2590),(593,2591),(594,1191),(595,2593),(596,2594),(597,2595),(598,2596),(599,2597),(600,2598),(601,2599),(602,2600),(603,2601),(604,1022),(605,2603),(606,2604),(607,2295),(608,2606),(609,2607),(610,2608),(611,143),(612,2329),(613,1840),(614,2612),(615,2613),(616,2614),(617,2615),(618,429),(619,2617),(620,2618),(621,2619),(622,2620),(623,2621),(624,2622),(625,2623),(626,2624),(627,2625),(628,2626),(629,2627),(630,610),(631,2629),(632,2630),(633,2631),(634,452),(635,2189),(636,1982),(637,2635),(638,2636),(639,2637),(640,2638),(641,2639),(642,2640),(643,2641),(644,2642),(645,2643),(646,2644),(647,2645),(648,2646),(649,2647),(650,2648),(651,2649),(652,289),(653,696),(654,2652),(655,2653),(656,2654),(657,2655),(658,2656),(659,2657),(660,2658),(661,2659),(662,2660),(663,2661),(664,2662),(665,861),(666,2664),(667,2665),(668,2666),(669,2667),(670,2668),(671,2669),(672,2670),(673,2671),(674,2672),(675,1955),(676,2674),(677,2675),(678,2676),(679,2677),(680,2678),(681,2679),(682,2680),(683,1502),(684,2682),(685,2683),(686,2684),(687,2685),(688,2654),(689,2687),(690,2688),(691,2689),(692,2690),(693,2691),(694,2692),(695,1945),(696,2694),(697,2695),(698,2696),(699,1027),(700,2698),(701,2699),(702,2700),(703,2701),(704,2702),(705,2454),(706,2704),(707,2705),(708,2706),(709,368),(710,2708),(711,2709),(712,2710),(713,2711),(714,499),(715,2713),(716,2714),(717,2715),(718,2716),(719,2717),(720,2718),(721,2719),(722,2720),(723,1800),(724,996),(725,2723),(726,2724),(727,2725),(728,2726),(729,2727),(730,874),(731,370),(732,2730),(733,2731),(734,2732),(735,104),(736,2734),(737,2735),(738,2736),(739,2737),(740,2128),(741,970),(742,2740),(743,625),(745,2743),(746,2744),(747,33),(748,2746),(749,2747),(750,70),(751,2749),(752,314),(753,2751),(754,2752),(755,2753),(756,2754),(757,2755),(758,2756),(759,773),(760,2758),(761,2759),(762,2760),(763,2761),(764,2762),(765,2763),(766,2764),(767,2765),(768,1210),(769,2767),(770,2768),(771,2769),(772,2770),(773,320),(774,2772),(775,2773),(776,2774),(777,2775),(778,2776),(779,2777),(780,2778),(781,2779),(782,219),(783,2781),(784,2782),(785,2783),(786,2784),(787,2785),(788,2786),(789,2787),(790,2788),(791,2789),(792,2790),(793,2791),(794,1064),(795,2793),(796,2794),(797,2795),(798,2796),(799,2797),(800,2798),(801,2799),(802,2800),(803,2801),(804,780),(805,2803),(806,2804),(807,2805),(808,288),(809,57),(810,1721),(811,515),(812,1222),(813,2811),(814,2812),(815,1273),(816,2814),(817,2815),(818,2816),(819,2817),(820,401),(821,2819),(822,310),(823,248),(824,2822),(825,1574),(826,2824),(827,2173),(828,2826),(829,2827),(830,2828),(831,2829),(832,1996),(833,2831),(834,2832),(835,2833),(836,2834),(837,2835),(838,2836),(839,2496),(840,815),(841,2839),(842,2840),(843,2841),(844,2842),(845,2843),(846,2844),(847,2845),(848,2846),(849,2847),(850,2848),(851,2849),(852,2850),(853,2763),(854,2852),(855,2853),(856,2854),(857,2855),(858,2856),(859,2857),(860,2858),(861,2859),(862,2860),(863,2861),(864,2862),(865,2863),(866,2864),(867,2865),(868,2866),(869,1594),(870,2868),(871,2869),(872,2870),(873,2871),(874,2872),(875,2873),(876,893),(877,2875),(878,914),(879,2877),(880,2878),(881,2879),(882,2880),(883,2881),(884,2882),(885,2883),(886,254),(887,2885),(888,2886),(889,2887),(890,2888),(891,177),(892,2890),(893,2250),(894,2892),(895,2774),(896,2894),(897,2895),(898,2896),(899,2897),(900,2898),(901,2899),(902,2900),(903,2901),(904,2902),(905,902),(906,2904),(907,2905),(908,2906),(909,2718),(910,2560),(911,2909),(912,2910),(913,2911),(914,2706),(915,2913),(916,1074),(917,2915),(918,2916),(919,2917),(920,2918),(921,2919),(922,2920),(923,2921),(924,2922),(925,2923),(926,2924),(927,2925),(928,2465),(929,2307),(930,2928),(931,2929),(932,2930),(933,2931),(934,2932),(935,2933),(936,2934),(937,2935),(938,2936),(939,2937),(940,1711),(941,855),(942,2940),(943,2941),(944,1872),(945,2113),(946,2944),(947,2945),(948,2946),(949,2947),(950,2948),(951,2949),(952,2950),(953,2951),(954,2952),(955,1351),(956,2954),(957,2955),(958,2956),(959,2957),(960,2958),(961,2959),(962,2960),(963,2961),(964,2962),(965,2819),(966,2964),(967,2965),(968,2966),(969,1275),(970,199),(971,436),(972,2970),(973,2971),(974,1335),(975,1438),(976,2974),(977,2975),(978,2976),(979,2977),(980,2978),(981,2979),(982,1659),(983,2981),(984,2982),(985,2983),(986,2984),(987,638),(988,2986),(989,2987),(990,2988),(991,2989),(992,2990),(993,2991),(994,2910),(995,2993),(996,2994),(997,1831),(998,1484),(999,2997);
/*!40000 ALTER TABLE `HorrorMovies_Actors` ENABLE KEYS */;
UNLOCK TABLES;

--
-- Table structure for table `HorrorMovies_Company`
--

DROP TABLE IF EXISTS `HorrorMovies_Company`;
/*!40101 SET @saved_cs_client     = @@character_set_client */;
 SET character_set_client = utf8mb4 ;
CREATE TABLE `HorrorMovies_Company` (
  `idScaryMovies` int(11) NOT NULL,
  `idCompany` int(11) NOT NULL,
  KEY `fk_HorrorMovies_has_Company_Company1_idx` (`idCompany`),
  KEY `fk_HorrorMovies_has_Company_HorrorMovies1_idx` (`idScaryMovies`),
  CONSTRAINT `fk_HorrorMovies_has_Company_Company1` FOREIGN KEY (`idCompany`) REFERENCES `company` (`idCompany`),
  CONSTRAINT `fk_HorrorMovies_has_Company_HorrorMovies1` FOREIGN KEY (`idScaryMovies`) REFERENCES `horrormovies` (`idScaryMovies`) ON DELETE CASCADE ON UPDATE CASCADE
) ENGINE=InnoDB DEFAULT CHARSET=utf8mb4 COLLATE=utf8mb4_0900_ai_ci;
/*!40101 SET character_set_client = @saved_cs_client */;

--
-- Dumping data for table `HorrorMovies_Company`
--

LOCK TABLES `HorrorMovies_Company` WRITE;
/*!40000 ALTER TABLE `HorrorMovies_Company` DISABLE KEYS */;
INSERT INTO `HorrorMovies_Company` VALUES (1,1),(2,2),(3,3),(4,4),(5,5),(6,6),(7,7),(8,8),(9,9),(10,10),(11,11),(12,12),(13,13),(14,2),(15,11),(16,16),(17,17),(18,18),(19,19),(20,16),(21,11),(22,22),(23,23),(24,2),(25,25),(26,26),(27,12),(28,28),(29,29),(30,30),(31,31),(32,16),(33,33),(34,4),(35,35),(36,10),(37,37),(38,38),(39,39),(40,7),(41,41),(42,13),(43,13),(44,44),(45,45),(46,46),(47,47),(48,48),(49,41),(50,12),(51,51),(52,7),(53,53),(54,11),(55,55),(56,13),(57,41),(58,16),(59,59),(60,60),(61,61),(62,62),(63,7),(64,64),(65,65),(66,66),(67,67),(68,7),(69,10),(70,70),(71,71),(72,29),(73,73),(74,74),(75,75),(76,76),(77,77),(78,10),(79,79),(80,26),(81,13),(82,16),(83,13),(84,84),(85,7),(86,86),(87,87),(88,88),(89,2),(90,90),(91,91),(92,11),(93,93),(94,75),(95,17),(96,96),(97,97),(98,98),(99,99),(100,10),(101,101),(102,102),(103,2),(104,104),(105,16),(106,106),(107,107),(108,108),(109,109),(110,110),(111,111),(112,112),(113,113),(114,114),(115,115),(116,116),(117,29),(118,118),(119,75),(120,120),(121,121),(122,41),(123,123),(124,11),(125,75),(126,126),(127,64),(128,128),(129,129),(130,130),(131,23),(132,16),(133,75),(134,134),(135,135),(136,112),(137,112),(138,138),(139,139),(140,16),(141,141),(142,142),(143,16),(144,10),(145,145),(147,147),(148,148),(149,31),(150,150),(151,10),(152,28),(153,7),(154,154),(155,155),(156,11),(157,157),(158,108),(159,159),(160,45),(161,161),(162,162),(163,163),(164,164),(165,165),(166,166),(167,167),(168,168),(169,169),(170,170),(171,171),(172,172),(173,108),(174,174),(175,175),(176,176),(177,177),(178,178),(179,148),(180,10),(181,181),(182,10),(183,183),(184,184),(185,185),(186,186),(187,10),(188,188),(190,11),(191,16),(192,37),(193,25),(194,194),(195,195),(196,196),(197,29),(198,41),(199,13),(200,13),(201,11),(202,202),(203,203),(204,204),(205,128),(206,206),(207,207),(208,208),(209,209),(210,210),(211,211),(212,212),(213,213),(214,41),(215,215),(216,216),(217,217),(218,218),(219,219),(220,220),(221,221),(222,222),(223,223),(224,75),(225,11),(226,226),(227,209),(228,228),(229,13),(230,16),(231,11),(232,232),(233,41),(234,234),(235,41),(236,236),(237,237),(238,238),(239,239),(240,240),(241,241),(242,242),(243,25),(244,244),(245,245),(246,174),(247,247),(248,45),(249,249),(250,250),(251,13),(252,10),(253,41),(254,10),(255,75),(256,206),(257,257),(258,10),(259,259),(260,112),(261,7),(262,13),(263,37),(264,264),(265,26),(266,41),(267,41),(268,13),(269,7),(270,4),(271,271),(272,45),(273,273),(274,134),(275,10),(276,11),(277,277),(278,278),(279,279),(280,280),(281,281),(282,13),(283,283),(284,7),(285,16),(286,60),(287,287),(288,60),(289,289),(290,17),(291,7),(292,292),(293,238),(294,242),(295,295),(296,296),(297,10),(298,219),(299,11),(300,2),(301,141),(302,302),(303,303),(304,304),(305,305),(306,306),(307,307),(308,308),(309,309),(310,310),(311,311),(312,11),(313,16),(314,314),(315,41),(316,316),(317,317),(318,318),(319,319),(320,320),(321,321),(322,11),(323,323),(324,324),(325,325),(326,10),(327,108),(328,17),(329,60),(330,330),(331,10),(332,332),(333,17),(334,172),(335,249),(336,336),(337,337),(338,338),(339,148),(340,340),(341,341),(342,240),(343,343),(344,344),(345,345),(346,346),(347,11),(348,75),(349,108),(350,350),(351,11),(352,10),(353,37),(354,354),(355,355),(356,356),(357,11),(358,13),(359,359),(360,360),(361,17),(362,60),(363,208),(364,16),(365,11),(366,366),(367,367),(368,13),(369,369),(370,7),(371,371),(372,108),(373,45),(374,374),(375,375),(376,376),(377,377),(378,59),(379,379),(380,380),(381,381),(382,382),(383,75),(384,384),(385,195),(386,386),(388,388),(389,389),(390,7),(391,41),(392,75),(393,13),(394,10),(395,395),(396,396),(397,397),(398,398),(399,399),(400,400),(401,401),(402,232),(403,17),(404,323),(405,405),(406,406),(407,242),(408,408),(409,204),(410,7),(411,411),(412,412),(413,75),(414,10),(415,415),(416,157),(417,371),(418,37),(419,41),(420,420),(421,16),(422,75),(423,423),(424,424),(425,425),(426,64),(427,75),(428,428),(429,429),(430,181),(431,11),(432,432),(433,11),(434,434),(435,435),(436,11),(437,148),(438,438),(439,11),(440,440),(441,441),(442,442),(443,443),(444,444),(445,445),(446,446),(447,7),(448,448),(449,449),(450,13),(451,11),(452,10),(453,88),(454,178),(455,10),(456,456),(457,457),(458,77),(459,459),(460,460),(461,461),(462,17),(463,463),(464,10),(465,465),(466,466),(467,11),(468,468),(469,469),(470,41),(471,10),(472,130),(473,473),(474,10),(475,475),(476,476),(477,477),(478,13),(479,479),(480,45),(481,481),(482,237),(483,483),(484,45),(485,108),(486,486),(487,487),(488,249),(489,489),(490,490),(491,45),(492,492),(493,493),(494,242),(495,11),(496,41),(497,497),(498,7),(499,202),(500,17),(501,501),(502,502),(503,503),(504,504),(505,317),(506,506),(507,507),(508,10),(509,509),(510,510),(511,511),(512,16),(513,223),(514,74),(515,2),(516,516),(517,517),(518,7),(519,112),(520,41),(521,521),(522,522),(523,139),(524,25),(525,525),(526,526),(527,527),(528,528),(529,529),(530,13),(531,148),(532,532),(533,533),(534,11),(535,535),(536,536),(537,537),(538,73),(539,539),(540,540),(541,7),(542,202),(543,543),(544,544),(545,545),(546,546),(548,75),(549,549),(550,550),(551,175),(552,552),(553,11),(554,554),(555,555),(556,41),(557,557),(558,558),(559,559),(560,560),(561,75),(562,562),(563,563),(564,16),(565,565),(566,566),(567,10),(568,568),(569,569),(570,206),(571,571),(572,41),(573,41),(574,574),(575,415),(576,576),(577,577),(578,578),(579,579),(580,580),(581,581),(582,582),(583,583),(584,75),(585,585),(586,17),(587,587),(588,588),(589,242),(590,7),(591,162),(592,592),(594,529),(595,595),(596,476),(597,597),(598,598),(599,599),(600,600),(601,601),(602,602),(603,10),(604,242),(605,605),(606,202),(607,607),(608,308),(609,609),(610,610),(611,611),(612,612),(613,613),(614,202),(615,615),(616,616),(617,178),(618,618),(619,619),(620,620),(621,621),(622,226),(623,623),(624,624),(625,625),(626,241),(627,202),(628,628),(629,629),(630,630),(631,631),(632,632),(633,633),(634,10),(635,172),(636,395),(637,438),(638,638),(639,639),(640,640),(641,64),(642,112),(643,271),(644,644),(645,479),(646,646),(647,206),(648,648),(649,17),(650,170),(651,651),(652,595),(653,653),(654,654),(655,655),(656,656),(657,11),(658,658),(659,659),(660,308),(661,75),(662,11),(663,663),(664,664),(665,665),(666,11),(667,112),(668,554),(669,669),(670,592),(671,209),(672,75),(673,41),(674,674),(675,675),(676,41),(677,677),(678,600),(679,10),(680,112),(681,41),(682,569),(683,683),(684,271),(685,75),(686,686),(687,13),(688,688),(689,170),(690,249),(691,691),(692,692),(693,693),(694,694),(695,25),(696,2),(697,16),(698,174),(699,699),(700,700),(701,701),(702,702),(703,703),(704,704),(705,271),(706,706),(707,707),(708,222),(709,11),(710,463),(711,11),(712,13),(713,10),(714,202),(715,177),(716,592),(717,13),(718,718),(719,719),(720,720),(721,721),(722,693),(723,723),(724,724),(725,725),(726,726),(727,663),(728,728),(729,729),(730,730),(731,731),(732,732),(733,733),(734,734),(735,735),(736,13),(737,7),(738,11),(739,739),(740,740),(741,13),(742,742),(743,395),(745,75),(746,476),(747,108),(748,183),(749,749),(750,750),(751,2),(752,142),(753,753),(754,754),(755,11),(756,16),(757,757),(758,758),(759,41),(760,760),(761,761),(762,762),(763,763),(764,764),(765,765),(766,766),(767,767),(768,768),(769,769),(770,770),(771,771),(772,772),(773,773),(774,115),(775,775),(776,776),(777,777),(778,778),(779,2),(780,780),(781,271),(782,782),(783,783),(784,784),(785,271),(786,786),(787,308),(788,788),(789,789),(790,790),(791,791),(792,792),(793,793),(794,794),(795,795),(796,79),(797,340),(798,798),(799,162),(800,242),(801,801),(802,802),(803,202),(804,804),(805,805),(806,806),(807,807),(808,45),(809,809),(810,810),(811,174),(812,812),(813,813),(814,59),(815,75),(816,816),(817,817),(818,10),(819,819),(820,308),(821,487),(822,822),(823,823),(824,41),(825,45),(826,162),(827,96),(828,828),(829,829),(830,59),(831,831),(832,832),(833,833),(834,834),(835,835),(836,836),(837,837),(838,11),(839,112),(840,840),(841,476),(842,842),(843,148),(844,844),(845,845),(846,846),(847,17),(848,481),(849,849),(850,595),(851,851),(852,852),(853,853),(854,854),(855,855),(856,856),(857,857),(858,16),(859,859),(860,17),(861,861),(862,862),(863,863),(864,864),(865,865),(866,123),(867,867),(868,735),(869,242),(870,41),(871,871),(872,872),(873,873),(874,112),(875,875),(876,876),(877,10),(878,878),(879,879),(880,880),(881,415),(882,882),(883,883),(884,884),(885,493),(886,886),(887,887),(888,888),(889,889),(890,890),(891,891),(892,892),(893,45),(894,894),(895,895),(896,896),(897,600),(898,898),(899,899),(900,600),(901,901),(902,902),(903,630),(904,904),(905,905),(906,208),(907,241),(908,908),(909,909),(910,910),(911,911),(912,912),(913,913),(914,2),(915,381),(916,41),(917,917),(918,918),(919,41),(920,41),(921,921),(922,922),(923,923),(924,924),(925,925),(926,11),(927,927),(928,928),(929,651),(930,930),(931,931),(932,932),(933,933),(934,723),(935,17),(936,936),(937,7),(938,938),(939,939),(940,940),(941,29),(942,75),(943,943),(944,123),(945,945),(946,946),(947,947),(948,948),(949,135),(950,17),(951,951),(952,952),(953,953),(954,55),(955,148),(956,600),(957,79),(959,663),(960,763),(961,961),(962,962),(963,963),(964,964),(965,965),(966,966),(967,11),(968,7),(969,162),(970,970),(971,971),(972,972),(973,148),(974,7),(975,975),(976,976),(977,425),(978,16),(980,980),(981,981),(982,112),(983,983),(984,984),(985,663),(986,986),(987,4),(988,988),(989,989),(990,501),(991,991),(992,972),(993,663),(994,994),(995,995),(996,996),(997,997),(998,13),(999,999),(1,1000),(2,1001),(3,1002),(4,161),(6,1005),(7,1006),(8,1007),(9,1008),(10,1009),(11,2),(12,10),(13,1012),(14,651),(16,1015),(17,1016),(18,1017),(19,1007),(20,1019),(21,220),(22,578),(23,1022),(24,1002),(25,735),(26,1025),(27,10),(28,1027),(30,953),(31,16),(32,1031),(34,1033),(35,481),(36,1035),(37,1036),(38,1037),(39,1038),(40,1039),(41,1040),(42,1041),(43,460),(44,1043),(45,1044),(46,13),(49,1048),(50,10),(51,1050),(54,2),(55,1054),(56,1019),(57,1056),(58,1019),(60,807),(61,1060),(62,1061),(63,1062),(64,1063),(65,76),(66,1065),(67,1066),(68,456),(69,1009),(70,1069),(71,1070),(72,2),(73,1072),(74,1073),(75,783),(76,9),(77,1076),(78,1009),(79,1078),(81,1012),(82,7),(83,1082),(85,1039),(86,1085),(87,1086),(88,1087),(89,1088),(90,1089),(91,11),(92,1091),(93,1092),(94,135),(95,23),(96,1095),(97,75),(99,1098),(100,1099),(101,1100),(102,1008),(104,1103),(105,1104),(106,1105),(107,468),(108,17),(109,10),(111,1110),(112,456),(114,1113),(115,1114),(116,1115),(117,1116),(118,1063),(119,37),(120,1119),(121,1120),(122,1121),(123,1122),(124,1015),(125,1124),(126,1125),(127,1063),(128,878),(129,1128),(130,566),(131,17),(132,31),(133,1132),(134,1133),(135,2),(136,75),(139,1138),(140,1139),(141,1138),(143,31),(144,1143),(145,1144),(147,1146),(148,355),(149,16),(151,1009),(152,1151),(153,1039),(154,1153),(155,1154),(156,460),(157,1156),(158,456),(160,75),(161,1160),(162,1161),(165,10),(166,1165),(167,1166),(168,481),(171,384),(172,1171),(173,1172),(174,1173),(175,1174),(176,1175),(177,1176),(178,732),(179,1178),(180,1179),(181,1180),(182,16),(184,1183),(186,1185),(187,609),(188,134),(190,204),(191,112),(192,1191),(193,37),(194,1193),(195,2),(196,1173),(197,501),(198,1197),(199,1198),(200,1199),(201,1200),(202,1201),(203,1139),(204,11),(205,1204),(206,19),(208,2),(209,607),(210,1209),(211,768),(212,1211),(213,1212),(214,1213),(215,1214),(216,13),(217,1216),(218,1217),(219,1218),(220,2),(221,1220),(222,1221),(223,1222),(224,206),(225,1224),(226,1225),(227,1226),(228,2),(229,172),(230,97),(231,2),(233,1232),(234,585),(235,1234),(238,1016),(239,1238),(240,411),(241,456),(242,110),(243,1242),(244,1243),(245,999),(246,104),(247,1246),(248,735),(249,1248),(250,195),(251,1250),(252,1251),(253,1252),(254,1253),(255,1254),(256,1255),(257,208),(258,145),(259,1258),(260,41),(261,13),(262,303),(263,310),(264,788),(266,1264),(267,1265),(268,533),(269,22),(270,1268),(271,411),(272,1270),(273,1271),(274,1272),(275,1273),(276,1274),(277,1275),(278,1007),(279,1277),(280,1278),(281,1279),(282,1280),(283,1281),(284,1282),(285,240),(286,29),(288,1286),(289,11),(290,1288),(291,1039),(292,1290),(293,1161),(297,1295),(299,438),(300,1298),(301,1078),(302,1300),(303,1301),(304,1302),(305,1303),(306,1304),(307,1305),(308,11),(309,66),(310,1308),(311,1309),(313,1311),(314,1312),(315,1313),(316,1314),(317,616),(318,1316),(319,1317),(320,1318),(321,1319),(323,90),(324,1322),(325,1323),(326,1143),(327,1325),(328,238),(329,1015),(331,1015),(332,1330),(333,1331),(334,863),(335,110),(336,1334),(337,1335),(338,1336),(339,135),(340,323),(341,1339),(342,16),(343,29),(344,1342),(345,481),(346,1344),(347,226),(348,1346),(349,1347),(350,1348),(351,303),(353,1216),(354,1352),(355,135),(356,2),(358,303),(359,4),(360,1358),(361,1359),(362,1360),(364,108),(365,460),(366,1364),(367,1365),(368,1366),(369,1367),(370,1039),(372,1370),(373,1371),(374,1372),(375,181),(376,1374),(377,1375),(378,46),(379,1377),(380,1378),(381,1379),(382,585),(383,206),(385,2),(386,1384),(390,1387),(391,1388),(392,37),(393,1390),(394,1391),(395,166),(396,1393),(397,1394),(398,1395),(400,1397),(401,1398),(404,340),(405,1402),(407,11),(408,11),(409,11),(410,456),(411,1408),(412,135),(413,1410),(414,1391),(415,1412),(416,1413),(418,310),(419,1416),(421,411),(422,1419),(423,1420),(424,481),(425,1039),(426,585),(427,206),(428,1425),(429,1426),(430,1427),(431,1015),(433,1015),(435,271),(436,1015),(437,1434),(438,1435),(440,1437),(441,1438),(442,1439),(443,1440),(444,521),(446,1443),(447,566),(448,1445),(449,1446),(450,7),(452,1449),(453,1450),(455,1452),(456,7),(457,1454),(458,1455),(460,578),(461,1172),(462,238),(463,1460),(464,1461),(466,1463),(467,1464),(468,310),(469,521),(470,91),(471,1015),(475,1472),(476,1473),(477,1474),(478,1475),(479,1476),(481,930),(483,1480),(484,1481),(485,1482),(487,1484),(489,1486),(490,1487),(491,2),(493,1490),(494,849),(495,1492),(496,1313),(497,271),(498,1495),(499,1496),(500,317),(501,481),(502,1499),(503,1500),(504,1501),(505,112),(506,1503),(507,1504),(508,1505),(510,1507),(511,1508),(512,1509),(513,1510),(514,1063),(515,1512),(516,1513),(517,1514),(518,204),(520,1517),(521,1518),(522,1519),(523,1520),(524,222),(525,1522),(526,1523),(527,1524),(529,1526),(530,1527),(531,1528),(532,863),(533,1530),(534,202),(535,1532),(536,1533),(537,468),(538,1535),(539,323),(540,1537),(541,1039),(542,114),(543,1540),(544,1541),(545,1542),(546,1543),(548,1545),(549,1546),(550,1547),(551,1548),(552,510),(553,1550),(554,526),(556,1252),(558,412),(559,1556),(561,1558),(562,1559),(563,1560),(564,2),(565,1562),(566,2),(567,1461),(568,735),(570,1567),(571,1568),(572,2),(573,1570),(574,1139),(575,1572),(576,1573),(577,1574),(578,1330),(579,206),(581,1578),(582,1579),(583,1580),(584,1581),(585,1582),(586,1173),(588,1585),(589,11),(592,360),(594,1590),(595,1591),(596,1592),(597,1593),(598,31),(599,79),(600,397),(601,1597),(603,1461),(604,367),(605,1601),(606,1602),(607,1603),(608,793),(609,29),(610,1606),(611,1607),(612,161),(614,114),(615,271),(616,1612),(618,1614),(619,1615),(621,1617),(622,1225),(623,1619),(624,1620),(626,1347),(628,1624),(629,1625),(630,610),(633,1629),(634,411),(635,41),(636,1632),(637,1435),(639,1635),(640,1636),(641,382),(642,1638),(644,597),(645,1641),(646,1642),(648,1644),(649,1645),(650,1646),(651,1647),(652,1648),(653,1649),(654,1346),(655,1651),(659,1655),(660,1656),(661,1012),(662,1658),(663,1659),(664,55),(665,1661),(666,1662),(667,1638),(668,526),(669,1665),(670,1666),(671,425),(672,1668),(673,1669),(674,1670),(675,600),(676,651),(677,45),(678,1674),(680,1676),(681,1677),(682,113),(683,1679),(685,1681),(686,1682),(687,1041),(690,1686),(692,1688),(693,1394),(694,1690),(695,206),(696,1298),(697,1693),(698,196),(699,209),(700,1696),(703,1698),(707,1702),(708,1703),(709,1704),(710,1705),(711,1706),(712,1707),(713,1461),(715,1710),(716,1711),(717,1712),(718,1713),(719,1714),(721,116),(722,1717),(724,1719),(725,1720),(726,1721),(729,343),(730,112),(731,1726),(732,1727),(734,1729),(735,1730),(736,302),(737,1039),(740,1735),(742,1737),(745,238),(746,1741),(747,1180),(748,1743),(749,1744),(751,1512),(752,26),(753,1748),(754,1749),(755,1750),(756,1751),(757,1752),(759,1754),(760,1755),(761,1756),(763,1758),(764,1759),(766,1761),(767,1762),(768,271),(769,1764),(770,1765),(771,651),(772,1767),(773,529),(774,1769),(775,1770),(776,1771),(779,1512),(781,411),(783,1778),(784,1779),(786,497),(787,1782),(788,381),(789,1784),(790,1785),(792,461),(794,1789),(796,1791),(797,323),(798,1793),(799,1794),(800,849),(801,159),(802,1797),(803,1496),(804,271),(805,1800),(806,271),(807,1802),(808,1803),(809,1804),(810,648),(811,1234),(812,1807),(814,33),(815,1061),(816,305),(817,1812),(818,890),(819,1437),(821,46),(822,1817),(823,1818),(824,1819),(825,395),(826,1821),(827,1822),(828,798),(830,1562),(831,620),(834,1829),(835,1830),(836,1831),(838,19),(839,1834),(840,1835),(841,1836),(843,1838),(844,1839),(846,1841),(847,1842),(848,1843),(849,242),(850,481),(852,1847),(853,13),(854,1849),(855,607),(856,852),(857,1852),(858,2),(859,1854),(860,1855),(861,1856),(862,1857),(866,1861),(867,1862),(869,11),(870,1865),(871,1866),(875,1870),(876,1871),(877,1461),(878,863),(879,1874),(881,1876),(883,1878),(884,1879),(885,1880),(886,1881),(888,7),(889,11),(893,175),(895,1890),(896,10),(897,1892),(898,1893),(899,1894),(900,1674),(901,1377),(902,1897),(903,1898),(905,1900),(906,1217),(907,1902),(908,1054),(909,720),(910,1559),(912,1907),(915,1910),(916,1819),(919,1252),(920,1915),(921,1546),(924,1919),(927,1922),(929,355),(930,1925),(931,1926),(932,1927),(933,320),(935,1331),(936,1931),(938,1933),(940,1935),(942,1937),(943,460),(944,1939),(945,1940),(946,1941),(947,1942),(948,1943),(949,1944),(950,1945),(953,607),(954,1949),(955,1272),(956,1951),(957,1463),(959,1953),(961,1955),(962,1956),(964,1958),(965,1959),(967,1961),(969,1963),(970,112),(971,878),(973,1967),(975,1898),(976,1970),(977,10),(978,1972),(980,1973),(981,1974),(983,1976),(984,663),(985,1659),(986,1979),(988,1981),(989,790),(990,1983),(991,41),(992,1985),(994,271),(997,1990),(998,303),(1,1993),(3,1995),(4,1996),(7,1998),(8,1999),(9,2000),(10,1545),(11,2002),(13,2004),(14,2005),(16,2006),(17,568),(18,2008),(19,16),(20,2010),(21,2),(22,2012),(24,2014),(25,2015),(26,2016),(27,1035),(28,2018),(30,2019),(34,1580),(35,2023),(36,2024),(38,1124),(39,2027),(40,2028),(41,1545),(42,1550),(43,2031),(44,2032),(45,112),(46,2034),(50,1009),(51,2037),(54,2014),(55,2039),(57,1197),(58,2041),(60,2042),(62,2044),(64,2046),(65,2047),(66,2048),(69,1035),(71,1580),(73,2055),(75,2057),(77,2059),(78,12),(79,1463),(81,2062),(82,240),(83,2064),(85,2065),(86,2066),(87,2067),(88,2068),(89,1015),(90,2070),(93,2073),(94,303),(96,2076),(99,2078),(100,2079),(101,2080),(102,2081),(107,2085),(108,2086),(109,2087),(111,2088),(112,245),(114,202),(116,2092),(117,620),(118,2094),(119,1937),(120,2096),(121,2097),(122,1416),(123,2099),(124,2),(126,2102),(127,2),(128,863),(129,2105),(130,2106),(132,2108),(133,2109),(135,74),(136,1174),(140,46),(141,2115),(143,2116),(144,1295),(145,2118),(147,2119),(148,303),(151,2122),(152,2123),(153,2124),(154,2125),(155,2126),(156,2127),(157,1303),(158,101),(160,120),(161,2131),(162,2132),(165,2133),(166,2134),(167,1703),(168,204),(172,2002),(173,1180),(175,794),(177,350),(179,310),(180,2146),(181,468),(182,1015),(186,2150),(187,2151),(188,2152),(190,1132),(191,2155),(192,310),(193,2157),(194,2158),(196,2160),(197,1116),(201,2165),(202,2166),(204,927),(205,2169),(208,1217),(209,130),(210,2173),(211,2174),(212,2175),(214,1819),(215,1981),(216,2179),(217,16),(220,2183),(221,600),(222,2185),(223,2186),(224,1475),(225,2188),(227,2190),(228,1002),(229,2192),(230,2193),(231,2194),(233,2195),(234,1843),(235,2197),(238,481),(239,2199),(241,2201),(242,11),(243,2203),(244,2204),(246,769),(247,2207),(248,2208),(250,481),(251,2211),(252,145),(253,91),(254,2214),(255,206),(256,343),(257,2217),(258,2118),(259,241),(260,1015),(261,130),(262,1274),(263,1216),(264,665),(265,1545),(266,2226),(267,2227),(268,1475),(269,735),(272,340),(273,2233),(275,2235),(276,2236),(277,2237),(278,2238),(280,2240),(281,2241),(282,2242),(283,2243),(284,2244),(285,411),(286,1545),(288,1449),(290,2249),(291,130),(292,1474),(293,2252),(297,2253),(301,2092),(305,88),(306,2261),(307,2262),(308,166),(309,2264),(310,2265),(311,2266),(313,2267),(314,2268),(315,196),(316,2270),(317,2271),(318,2272),(319,2273),(320,45),(321,1398),(323,1089),(324,2277),(327,1132),(328,23),(329,2131),(332,2284),(333,1658),(334,64),(336,112),(337,2289),(338,2290),(339,2291),(342,411),(343,2295),(344,2296),(345,568),(346,2298),(349,2301),(350,2302),(351,2303),(353,2273),(355,74),(358,2308),(359,1005),(362,2312),(364,2010),(365,574),(366,2315),(367,2316),(368,2317),(369,2318),(370,2124),(373,2321),(374,2322),(375,2323),(376,2324),(377,2325),(378,2326),(379,1398),(381,2329),(382,2),(383,2331),(386,2333),(391,1265),(392,310),(393,2337),(394,2338),(395,218),(396,2340),(397,600),(398,468),(401,2344),(405,1591),(409,2349),(410,108),(411,2351),(412,74),(414,2338),(415,2355),(416,66),(418,1216),(419,1007),(421,2359),(422,1475),(423,1377),(424,1803),(425,2124),(426,2),(427,2365),(429,1522),(430,2368),(431,2),(433,2),(435,2371),(436,2),(438,2374),(440,2375),(441,1656),(442,2377),(443,2378),(444,1518),(446,2380),(447,2381),(448,2382),(449,2383),(450,130),(452,2385),(453,2386),(455,2387),(458,2390),(460,1496),(461,1545),(462,23),(464,2079),(466,2396),(467,2397),(468,2398),(469,2399),(470,832),(471,120),(478,1280),(479,1963),(481,1925),(484,2409),(485,1172),(487,2411),(489,2412),(490,578),(491,2414),(493,563),(494,2416),(496,196),(498,618),(499,2166),(500,2422),(501,2423),(502,2424),(504,2426),(505,303),(506,2428),(507,74),(508,2079),(510,2431),(511,2432),(512,411),(513,2434),(514,2),(515,45),(517,2438),(518,504),(520,2440),(521,271),(524,195),(525,2127),(529,218),(531,2450),(534,114),(536,2455),(537,2456),(538,776),(539,2458),(540,2459),(541,2124),(542,2461),(543,754),(546,2465),(548,2467),(549,468),(550,2469),(551,2470),(553,2472),(554,2473),(556,832),(558,2475),(559,2476),(562,2478),(563,2479),(564,356),(565,2481),(566,2482),(567,2079),(568,807),(570,2485),(572,2487),(573,2488),(575,2490),(576,2491),(578,2493),(579,45),(585,2499),(586,2500),(588,2501),(594,2504),(597,2507),(599,2509),(603,2512),(605,350),(607,2516),(609,1015),(612,2521),(614,2522),(615,2523),(616,1012),(619,2321),(626,2531),(628,25),(629,2533),(633,2535),(635,2537),(640,2541),(641,2542),(645,2545),(648,2547),(652,2551),(653,2552),(659,2555),(660,2556),(661,2557),(664,2560),(665,2561),(666,2562),(670,2566),(671,999),(673,2569),(674,2570),(675,2571),(678,2574),(680,316),(681,2576),(683,2578),(685,2579),(693,2584),(694,2585),(695,2586),(698,1173),(699,2590),(700,2591),(703,2593),(708,2595),(710,2597),(711,2598),(712,2599),(713,2079),(715,2085),(716,2602),(719,2605),(721,2606),(722,2607),(724,2608),(726,2610),(729,2611),(731,317),(735,1487),(736,2617),(737,2124),(740,543),(747,1172),(749,835),(751,2626),(753,2628),(754,1540),(757,2632),(759,2633),(760,2634),(766,2638),(767,10),(768,2640),(769,2641),(770,2642),(771,2643),(773,1590),(775,2647),(776,2648),(784,2652),(787,2654),(788,2655),(789,2656),(790,2657),(792,1063),(794,2659),(796,2660),(799,2663),(800,2416),(802,2666),(803,2667),(807,2591),(808,2672),(809,2673),(810,2674),(811,2675),(812,7),(815,206),(816,2679),(819,121),(821,1484),(822,350),(823,2684),(824,196),(825,2686),(826,2687),(827,323),(828,2689),(830,46),(831,2691),(834,2692),(836,2694),(840,2697),(844,2700),(848,1330),(850,2705),(852,772),(855,1656),(856,2710),(857,2711),(858,356),(859,1193),(861,2715),(862,2716),(866,1580),(870,1669),(876,2722),(877,2079),(879,823),(881,2173),(883,1802),(884,2728),(885,766),(889,1274),(893,154),(896,1035),(897,2736),(900,2739),(901,2740),(902,2741),(905,2743),(906,2744),(907,2745),(908,2746),(910,562),(915,2750),(916,2751),(919,832),(920,1063),(921,1472),(924,2755),(929,2757),(930,2758),(931,2759),(932,2760),(933,1501),(935,1658),(936,2763),(938,2764),(943,1213),(944,975),(946,2770),(948,2772),(949,2773),(950,2774),(953,2775),(955,2777),(956,2778),(957,2779),(961,2781),(962,2782),(964,2783),(965,1545),(967,2785),(969,2786),(970,2787),(971,863),(973,2789),(975,2790),(978,2793),(983,401),(986,2799),(988,2800),(989,1435),(990,460),(991,1063),(992,2804),(997,832),(998,1967);
/*!40000 ALTER TABLE `HorrorMovies_Company` ENABLE KEYS */;
UNLOCK TABLES;

--
-- Table structure for table `HorrorMovies_Country`
--

DROP TABLE IF EXISTS `HorrorMovies_Country`;
/*!40101 SET @saved_cs_client     = @@character_set_client */;
 SET character_set_client = utf8mb4 ;
CREATE TABLE `HorrorMovies_Country` (
  `idScaryMovies` int(11) NOT NULL,
  `idCountry` int(11) NOT NULL,
  KEY `fk_HorrorMovies_has_Country_Country1_idx` (`idCountry`),
  KEY `fk_HorrorMovies_has_Country_HorrorMovies1_idx` (`idScaryMovies`),
  CONSTRAINT `fk_HorrorMovies_has_Country_Country1` FOREIGN KEY (`idCountry`) REFERENCES `country` (`idCountry`),
  CONSTRAINT `fk_HorrorMovies_has_Country_HorrorMovies1` FOREIGN KEY (`idScaryMovies`) REFERENCES `horrormovies` (`idScaryMovies`) ON DELETE CASCADE ON UPDATE CASCADE
) ENGINE=InnoDB DEFAULT CHARSET=utf8mb4 COLLATE=utf8mb4_0900_ai_ci;
/*!40101 SET character_set_client = @saved_cs_client */;

--
-- Dumping data for table `HorrorMovies_Country`
--

LOCK TABLES `HorrorMovies_Country` WRITE;
/*!40000 ALTER TABLE `HorrorMovies_Country` DISABLE KEYS */;
INSERT INTO `HorrorMovies_Country` VALUES (1,1),(2,2),(3,2),(4,4),(5,5),(6,2),(7,7),(8,2),(9,2),(10,2),(11,2),(12,2),(13,2),(14,2),(15,2),(16,2),(17,2),(18,18),(19,2),(20,7),(21,21),(22,2),(23,7),(24,2),(25,2),(26,2),(27,2),(28,28),(29,2),(30,4),(31,2),(32,2),(33,2),(34,2),(35,21),(36,2),(37,37),(38,28),(39,39),(40,2),(41,41),(42,2),(43,2),(44,7),(45,2),(46,5),(47,47),(48,2),(49,2),(50,2),(51,2),(52,2),(53,5),(54,2),(55,2),(56,2),(57,2),(58,2),(59,2),(60,7),(61,61),(62,2),(63,2),(64,2),(65,2),(66,7),(67,2),(68,2),(69,41),(70,2),(71,5),(72,5),(73,5),(74,5),(75,2),(76,2),(77,5),(78,2),(79,1),(80,5),(81,2),(82,5),(83,2),(84,2),(85,2),(86,86),(87,5),(88,7),(89,2),(90,90),(91,2),(92,5),(93,5),(94,2),(95,2),(96,7),(97,5),(98,5),(99,2),(100,5),(101,2),(102,7),(103,2),(104,7),(105,5),(106,5),(107,4),(108,5),(109,5),(110,5),(111,5),(112,5),(113,2),(114,2),(115,5),(116,116),(117,2),(118,7),(119,2),(120,5),(121,5),(122,5),(123,5),(124,2),(125,2),(126,18),(127,2),(128,5),(129,4),(130,2),(131,2),(132,2),(133,2),(134,5),(135,41),(136,2),(137,2),(138,5),(139,2),(140,5),(141,5),(142,5),(143,2),(144,2),(145,2),(147,2),(148,2),(149,5),(150,2),(151,2),(152,5),(153,2),(154,154),(155,5),(156,2),(157,7),(158,2),(159,18),(160,5),(161,2),(162,2),(163,18),(164,164),(165,5),(166,2),(167,5),(168,41),(169,5),(170,5),(171,5),(172,2),(173,5),(174,2),(175,2),(176,2),(177,7),(178,5),(179,41),(180,2),(181,2),(182,2),(183,41),(184,2),(185,7),(186,186),(187,2),(188,5),(190,2),(191,37),(192,7),(193,2),(194,2),(195,2),(196,2),(197,2),(198,2),(199,5),(200,5),(201,2),(202,2),(203,2),(204,2),(205,5),(206,5),(207,2),(208,2),(209,41),(210,5),(211,5),(212,4),(213,7),(214,2),(215,7),(216,2),(217,5),(218,2),(219,5),(220,5),(221,5),(222,2),(223,4),(224,2),(225,41),(226,5),(227,5),(228,2),(229,2),(230,2),(231,2),(232,2),(233,2),(234,2),(235,5),(236,5),(237,2),(238,7),(239,5),(240,5),(241,5),(242,2),(243,2),(244,41),(245,2),(246,7),(247,86),(248,2),(249,2),(250,2),(251,5),(252,2),(253,2),(254,5),(255,2),(256,2),(257,2),(258,37),(259,5),(260,2),(261,2),(262,2),(263,2),(264,154),(265,5),(266,5),(267,2),(268,2),(269,2),(270,5),(271,2),(272,41),(273,86),(274,2),(275,5),(276,2),(277,5),(278,7),(279,1),(280,5),(281,281),(282,2),(283,2),(284,2),(285,5),(286,2),(287,5),(288,2),(289,2),(290,5),(291,1),(292,5),(293,2),(294,5),(295,2),(296,5),(297,2),(298,5),(299,39),(300,5),(301,1),(302,5),(303,2),(304,37),(305,7),(306,154),(307,5),(308,2),(309,5),(310,41),(311,5),(312,5),(313,5),(314,41),(315,2),(316,5),(317,2),(318,7),(319,2),(320,2),(321,321),(322,5),(323,7),(324,4),(325,5),(326,2),(327,2),(328,2),(329,2),(330,5),(331,2),(332,7),(333,5),(334,7),(335,2),(336,5),(337,4),(338,2),(339,2),(340,2),(341,2),(342,5),(343,2),(344,86),(345,2),(346,5),(347,5),(348,5),(349,2),(350,7),(351,5),(352,5),(353,37),(354,5),(355,2),(356,2),(357,5),(358,2),(359,2),(360,2),(361,2),(362,362),(363,5),(364,2),(365,2),(366,5),(367,5),(368,5),(369,5),(370,2),(371,2),(372,5),(373,5),(374,41),(375,5),(376,376),(377,154),(378,2),(379,379),(380,376),(381,154),(382,2),(383,2),(384,5),(385,2),(386,386),(387,5),(388,5),(389,5),(390,2),(391,2),(392,4),(393,5),(394,2),(395,41),(396,154),(397,5),(398,5),(399,2),(400,37),(401,5),(402,5),(403,5),(404,2),(405,7),(406,2),(407,2),(408,5),(409,2),(410,5),(411,2),(412,41),(413,2),(414,2),(415,5),(416,5),(417,5),(418,37),(419,2),(420,5),(421,5),(422,2),(423,2),(424,2),(425,2),(426,2),(427,2),(428,1),(429,5),(430,2),(431,2),(432,2),(433,2),(434,5),(435,5),(436,21),(437,2),(438,39),(439,5),(440,2),(441,41),(442,5),(443,7),(444,5),(445,2),(446,5),(447,2),(448,21),(449,37),(450,2),(451,5),(452,5),(453,5),(454,2),(455,2),(456,5),(457,457),(458,5),(459,7),(460,41),(461,2),(462,2),(463,1),(464,2),(465,7),(466,1),(467,5),(468,4),(469,5),(470,2),(471,2),(472,2),(473,2),(474,5),(475,4),(476,2),(477,5),(478,5),(479,2),(480,5),(481,21),(482,2),(483,7),(484,2),(485,2),(486,5),(487,2),(488,5),(489,2),(490,154),(491,2),(492,5),(493,164),(494,5),(495,5),(496,2),(497,5),(498,5),(499,41),(500,2),(501,7),(502,2),(503,5),(504,2),(505,2),(506,2),(507,1),(508,5),(509,5),(510,5),(511,2),(512,5),(513,513),(514,2),(515,2),(516,5),(517,37),(518,2),(519,5),(520,5),(521,5),(522,522),(523,2),(524,2),(525,2),(526,5),(527,2),(528,5),(529,5),(530,5),(531,5),(532,5),(533,2),(534,2),(535,21),(536,5),(537,4),(538,2),(539,37),(540,41),(541,2),(542,2),(543,41),(544,2),(545,2),(546,5),(548,5),(549,513),(550,2),(551,2),(552,2),(553,2),(554,5),(555,5),(556,2),(557,2),(558,2),(559,2),(560,2),(561,2),(562,2),(563,164),(564,2),(565,2),(566,5),(567,5),(568,7),(569,2),(570,2),(571,2),(572,5),(573,2),(574,574),(575,2),(576,5),(577,386),(578,2),(579,2),(580,2),(581,522),(582,5),(583,2),(584,5),(585,5),(586,2),(587,5),(588,5),(589,2),(590,5),(591,2),(592,5),(593,5),(594,5),(595,2),(596,5),(597,86),(598,2),(599,1),(600,5),(601,5),(602,376),(603,5),(604,5),(605,376),(606,2),(607,5),(608,5),(609,2),(610,5),(611,2),(612,41),(613,5),(614,2),(615,2),(616,5),(617,2),(618,5),(619,1),(620,5),(621,2),(622,5),(623,7),(624,2),(625,1),(626,2),(627,2),(628,2),(629,379),(630,5),(631,7),(632,5),(633,633),(634,5),(635,2),(636,5),(637,5),(638,5),(639,2),(640,5),(641,7),(642,2),(643,5),(644,644),(645,5),(646,5),(647,5),(648,5),(649,5),(650,5),(651,5),(652,2),(653,5),(654,5),(655,5),(656,61),(657,2),(658,5),(659,5),(660,5),(661,2),(662,5),(663,164),(664,2),(665,386),(666,2),(667,2),(668,2),(669,2),(670,5),(671,4),(672,2),(673,2),(674,5),(675,5),(676,2),(677,2),(678,5),(679,2),(680,1),(681,1),(682,2),(683,5),(684,5),(685,5),(686,5),(687,5),(688,5),(689,5),(690,5),(691,2),(692,186),(693,5),(694,1),(695,2),(696,5),(697,5),(698,2),(699,376),(700,7),(701,5),(702,5),(703,5),(704,5),(705,5),(706,5),(707,5),(708,2),(709,5),(710,1),(711,2),(712,5),(713,2),(714,2),(715,7),(716,5),(717,5),(718,1),(719,5),(720,2),(721,5),(722,5),(723,61),(724,2),(725,5),(726,154),(727,164),(728,5),(729,729),(730,5),(731,5),(732,2),(733,5),(734,5),(735,5),(736,5),(737,2),(738,2),(739,2),(740,2),(741,5),(742,21),(743,5),(745,2),(746,5),(747,2),(748,41),(749,2),(750,5),(751,5),(752,5),(753,2),(754,5),(755,5),(756,5),(757,41),(758,5),(759,759),(760,760),(761,2),(762,2),(763,5),(764,513),(765,5),(766,21),(767,5),(768,5),(769,5),(770,386),(771,2),(772,5),(773,5),(774,5),(775,775),(776,5),(777,5),(778,61),(779,2),(780,5),(781,5),(782,2),(783,2),(784,4),(785,5),(786,5),(787,2),(788,386),(789,5),(790,2),(791,5),(792,2),(793,2),(794,5),(795,2),(796,1),(797,5),(798,5),(799,2),(800,5),(801,61),(802,386),(803,41),(804,5),(805,5),(806,5),(807,7),(808,2),(809,5),(810,5),(811,5),(812,376),(813,5),(814,5),(815,2),(816,7),(817,5),(818,2),(819,2),(820,574),(821,2),(822,2),(823,5),(824,37),(825,2),(826,5),(827,7),(828,41),(829,829),(830,2),(831,5),(832,2),(833,5),(834,5),(835,2),(836,2),(837,5),(838,5),(839,5),(840,2),(841,5),(842,513),(843,5),(844,2),(845,5),(846,2),(847,5),(848,5),(849,5),(850,2),(851,5),(852,5),(853,5),(854,5),(855,5),(856,2),(857,1),(858,2),(859,5),(860,5),(861,386),(862,7),(863,5),(864,5),(865,5),(866,41),(867,2),(868,2),(869,5),(870,2),(871,5),(872,5),(873,2),(874,5),(875,5),(876,7),(877,2),(878,7),(879,2),(880,880),(881,5),(882,5),(883,5),(884,5),(885,164),(886,5),(887,887),(888,5),(889,2),(890,5),(891,7),(892,5),(893,2),(894,61),(895,5),(896,5),(897,5),(898,513),(899,899),(900,41),(901,2),(902,41),(903,2),(904,5),(905,5),(906,5),(907,5),(908,5),(909,909),(910,2),(911,880),(912,5),(913,7),(914,5),(915,154),(916,2),(917,5),(918,5),(919,2),(920,5),(921,4),(922,21),(923,61),(924,924),(925,5),(926,5),(927,5),(928,5),(929,2),(930,21),(931,2),(932,5),(933,2),(934,61),(935,5),(936,2),(937,5),(938,7),(939,5),(940,5),(941,5),(942,2),(943,2),(944,2),(945,5),(946,41),(947,5),(948,90),(949,2),(950,5),(951,2),(952,5),(953,5),(954,2),(955,2),(956,5),(957,1),(958,5),(959,5),(960,5),(961,2),(962,61),(963,2),(964,2),(965,5),(966,5),(967,5),(968,5),(969,2),(970,5),(971,7),(972,5),(973,2),(974,5),(975,5),(976,729),(977,5),(978,5),(979,760),(980,5),(981,4),(982,5),(983,5),(984,21),(985,164),(986,386),(987,5),(988,5),(989,39),(990,2),(991,2),(992,2),(993,164),(994,5),(995,5),(996,5),(997,2),(998,2),(999,5);
/*!40000 ALTER TABLE `HorrorMovies_Country` ENABLE KEYS */;
UNLOCK TABLES;

--
-- Table structure for table `HorrorMovies_Genres`
--

DROP TABLE IF EXISTS `HorrorMovies_Genres`;
/*!40101 SET @saved_cs_client     = @@character_set_client */;
 SET character_set_client = utf8mb4 ;
CREATE TABLE `HorrorMovies_Genres` (
  `idScaryMovies` int(11) NOT NULL,
  `idGenres` int(11) NOT NULL,
  KEY `fk_HorrorMovies_has_Genres_Genres1_idx` (`idGenres`),
  KEY `fk_HorrorMovies_has_Genres_HorrorMovies1_idx` (`idScaryMovies`),
  CONSTRAINT `fk_HorrorMovies_has_Genres_Genres1` FOREIGN KEY (`idGenres`) REFERENCES `genres` (`idGenres`),
  CONSTRAINT `fk_HorrorMovies_has_Genres_HorrorMovies1` FOREIGN KEY (`idScaryMovies`) REFERENCES `horrormovies` (`idScaryMovies`) ON DELETE CASCADE ON UPDATE CASCADE
) ENGINE=InnoDB DEFAULT CHARSET=utf8mb4 COLLATE=utf8mb4_0900_ai_ci;
/*!40101 SET character_set_client = @saved_cs_client */;

--
-- Dumping data for table `HorrorMovies_Genres`
--

LOCK TABLES `HorrorMovies_Genres` WRITE;
/*!40000 ALTER TABLE `HorrorMovies_Genres` DISABLE KEYS */;
INSERT INTO `HorrorMovies_Genres` VALUES (1,1),(2,1),(3,3),(4,1),(5,1),(6,6),(7,6),(8,6),(9,1),(10,1),(11,1),(12,12),(13,1),(14,1),(15,6),(16,12),(17,17),(18,1),(19,1),(20,6),(21,21),(22,1),(23,12),(24,12),(25,1),(26,3),(27,1),(28,6),(29,12),(30,6),(31,1),(32,6),(33,12),(34,1),(35,1),(36,1),(37,37),(38,1),(39,6),(40,1),(41,1),(42,1),(43,3),(44,1),(45,6),(46,3),(47,1),(48,21),(49,6),(50,12),(51,1),(52,1),(53,1),(54,1),(55,1),(56,12),(57,12),(58,1),(59,6),(60,21),(61,1),(62,21),(63,12),(64,6),(65,3),(66,6),(67,1),(68,1),(69,6),(70,1),(71,1),(72,12),(73,1),(74,1),(75,1),(76,12),(77,3),(78,3),(79,1),(80,12),(81,1),(82,3),(83,3),(84,21),(85,6),(86,1),(87,1),(88,12),(89,1),(90,12),(91,1),(92,1),(93,3),(94,1),(95,1),(96,6),(97,6),(98,17),(99,1),(100,37),(101,3),(102,6),(103,37),(104,1),(105,6),(106,12),(107,21),(108,1),(109,1),(110,1),(111,1),(112,1),(113,1),(114,12),(115,21),(116,3),(117,6),(118,1),(119,1),(120,1),(121,1),(122,3),(123,1),(124,6),(125,21),(126,12),(127,6),(128,6),(129,37),(130,37),(131,1),(132,1),(133,1),(134,1),(135,3),(136,1),(137,12),(138,1),(139,12),(140,3),(141,21),(142,17),(143,6),(144,12),(145,6),(147,21),(148,6),(149,1),(150,1),(151,1),(152,1),(153,1),(154,1),(155,12),(156,17),(157,12),(158,1),(159,6),(160,1),(161,12),(162,1),(163,6),(164,1),(165,1),(166,1),(167,6),(168,17),(169,1),(170,170),(171,6),(172,12),(173,1),(174,3),(175,6),(176,1),(177,1),(178,1),(179,6),(180,1),(181,6),(182,1),(183,6),(184,1),(185,1),(186,12),(187,21),(188,1),(190,1),(191,37),(192,192),(193,1),(194,192),(195,1),(196,3),(197,6),(198,1),(199,6),(200,12),(201,12),(202,1),(203,1),(204,1),(205,1),(206,1),(207,1),(208,3),(209,6),(210,17),(211,3),(212,12),(213,6),(214,6),(215,12),(216,1),(217,1),(218,3),(219,6),(220,3),(221,12),(222,12),(223,12),(224,1),(225,1),(226,12),(227,1),(228,1),(229,3),(230,6),(231,6),(232,1),(233,1),(234,12),(235,6),(236,1),(237,1),(238,12),(239,1),(240,37),(241,1),(242,37),(243,12),(244,1),(245,1),(246,1),(247,1),(248,3),(249,6),(250,37),(251,6),(252,6),(253,6),(254,12),(255,6),(256,3),(257,1),(258,1),(259,21),(260,6),(261,12),(262,6),(263,1),(264,1),(265,6),(266,12),(267,3),(268,37),(269,3),(270,21),(271,6),(272,12),(273,21),(274,6),(275,1),(276,1),(277,1),(278,12),(279,1),(280,37),(281,6),(282,12),(283,1),(284,1),(285,6),(286,1),(287,6),(288,1),(289,3),(290,1),(291,6),(292,6),(293,1),(294,3),(295,1),(296,1),(297,6),(298,12),(299,12),(300,192),(301,1),(302,6),(303,1),(304,6),(305,12),(306,12),(307,1),(308,3),(309,6),(310,37),(311,6),(312,12),(313,1),(314,12),(315,1),(316,37),(317,1),(318,1),(319,1),(320,1),(321,1),(322,6),(323,6),(324,3),(325,3),(326,6),(327,1),(328,37),(329,1),(330,1),(331,1),(332,12),(333,6),(334,6),(335,21),(336,1),(337,12),(338,21),(339,12),(340,1),(341,6),(342,21),(343,1),(344,1),(345,6),(346,6),(347,1),(348,17),(349,1),(350,6),(351,1),(352,1),(353,12),(354,1),(355,6),(356,6),(357,6),(358,6),(359,1),(360,3),(361,3),(362,3),(363,21),(364,1),(365,12),(366,1),(367,1),(368,1),(369,12),(370,1),(371,3),(372,1),(373,12),(374,12),(375,1),(376,6),(377,1),(378,1),(379,1),(380,1),(381,6),(382,12),(383,37),(384,6),(385,21),(386,1),(387,3),(388,12),(389,3),(390,6),(391,12),(392,12),(393,1),(394,170),(395,12),(396,192),(397,12),(398,1),(399,21),(400,17),(401,37),(402,12),(403,1),(404,6),(405,1),(406,21),(407,1),(408,1),(409,3),(410,12),(411,1),(412,12),(413,1),(414,12),(415,3),(416,37),(417,1),(418,1),(419,12),(420,3),(421,1),(422,1),(423,12),(424,1),(425,1),(426,1),(427,6),(428,21),(429,170),(430,1),(431,1),(432,17),(433,12),(434,3),(435,1),(436,1),(437,3),(438,6),(439,3),(440,12),(441,1),(442,17),(443,1),(444,6),(445,1),(446,1),(447,1),(448,6),(449,12),(450,1),(451,6),(452,21),(453,6),(454,3),(455,12),(456,3),(457,1),(458,3),(459,1),(460,37),(461,3),(462,17),(463,12),(464,3),(465,1),(466,1),(467,1),(468,1),(469,1),(470,1),(471,3),(472,12),(473,12),(474,6),(475,21),(476,21),(477,1),(478,1),(479,6),(480,6),(481,1),(482,12),(483,12),(484,37),(485,1),(486,3),(487,12),(488,1),(489,6),(490,3),(491,6),(492,1),(493,1),(494,1),(495,3),(496,3),(497,1),(498,37),(499,1),(500,1),(501,3),(502,1),(503,1),(504,1),(505,6),(506,3),(507,6),(508,3),(509,17),(510,6),(511,1),(512,3),(513,6),(514,12),(515,170),(516,1),(517,3),(518,192),(519,12),(520,1),(521,1),(522,1),(523,37),(524,1),(525,1),(526,6),(527,3),(528,6),(529,6),(530,37),(531,12),(532,6),(533,3),(534,6),(535,12),(536,6),(537,1),(538,12),(539,6),(540,6),(541,1),(542,12),(543,543),(544,1),(545,1),(546,1),(548,6),(549,3),(550,3),(551,1),(552,1),(553,6),(554,12),(555,6),(556,6),(557,3),(558,3),(559,1),(560,6),(561,6),(562,12),(563,3),(564,1),(565,1),(566,6),(567,6),(568,6),(569,1),(570,3),(571,12),(572,12),(573,12),(574,3),(575,3),(576,12),(577,1),(578,1),(579,1),(580,1),(581,1),(582,1),(583,6),(584,1),(585,3),(586,6),(587,12),(588,1),(589,17),(590,1),(591,192),(592,1),(593,12),(594,170),(595,1),(596,1),(597,37),(598,1),(599,1),(600,1),(601,37),(602,3),(603,12),(604,1),(605,12),(606,1),(607,1),(608,12),(609,1),(610,3),(611,12),(612,1),(613,1),(614,17),(615,1),(616,37),(617,6),(618,6),(619,3),(620,1),(621,37),(622,12),(623,12),(624,1),(625,3),(626,1),(627,1),(628,6),(629,17),(630,12),(631,3),(632,12),(633,3),(634,3),(635,1),(636,1),(637,6),(638,6),(639,6),(640,1),(641,1),(642,37),(643,6),(644,37),(645,12),(646,1),(647,6),(648,1),(649,3),(650,6),(651,1),(652,6),(653,6),(654,6),(655,12),(656,1),(657,1),(658,17),(659,1),(660,1),(661,12),(662,1),(663,12),(664,1),(665,1),(666,6),(667,6),(668,1),(669,12),(670,12),(671,1),(672,1),(673,12),(674,3),(675,37),(676,1),(677,1),(678,6),(679,12),(680,1),(681,3),(682,1),(683,12),(684,21),(685,12),(686,3),(687,12),(688,37),(689,3),(690,1),(691,1),(692,12),(693,1),(694,12),(695,3),(696,17),(697,6),(698,1),(699,1),(700,170),(701,6),(702,6),(703,3),(704,1),(705,6),(706,17),(707,1),(708,1),(709,1),(710,1),(711,1),(712,1),(713,17),(714,1),(715,21),(716,1),(717,1),(718,1),(719,1),(720,1),(721,37),(722,1),(723,6),(724,6),(725,3),(726,3),(727,17),(728,3),(729,6),(730,1),(731,1),(732,21),(733,1),(734,1),(735,6),(736,1),(737,1),(738,1),(739,17),(740,6),(741,12),(742,3),(743,12),(745,1),(746,1),(747,1),(748,1),(749,1),(750,12),(751,12),(752,3),(753,6),(754,1),(755,3),(756,37),(757,1),(758,1),(759,12),(760,6),(761,6),(762,6),(763,6),(764,1),(765,3),(766,1),(767,170),(768,1),(769,1),(770,6),(771,1),(772,6),(773,1),(774,37),(775,3),(776,3),(777,21),(778,12),(779,1),(780,170),(781,1),(782,3),(783,1),(784,1),(785,1),(786,1),(787,1),(788,1),(789,12),(790,1),(791,12),(792,6),(793,1),(794,1),(795,12),(796,6),(797,21),(798,1),(799,1),(800,6),(801,17),(802,12),(803,17),(804,1),(805,3),(806,1),(807,6),(808,1),(809,3),(810,6),(811,1),(812,1),(813,6),(814,12),(815,1),(816,1),(817,1),(818,1),(819,3),(820,1),(821,3),(822,1),(823,12),(824,1),(825,12),(826,1),(827,21),(828,1),(829,1),(830,12),(831,170),(832,1),(833,1),(834,3),(835,6),(836,1),(837,37),(838,6),(839,1),(840,1),(841,1),(842,6),(843,1),(844,17),(845,3),(846,3),(847,1),(848,192),(849,12),(850,6),(851,1),(852,1),(853,6),(854,6),(855,6),(856,1),(857,1),(858,12),(859,1),(860,6),(861,6),(862,3),(863,1),(864,1),(865,1),(866,1),(867,1),(868,37),(869,1),(870,37),(871,12),(872,3),(873,1),(874,1),(875,1),(876,12),(877,12),(878,1),(879,1),(880,1),(881,1),(882,1),(883,1),(884,6),(885,3),(886,17),(887,17),(888,6),(889,12),(890,1),(891,6),(892,1),(893,1),(894,1),(895,6),(896,1),(897,1),(898,3),(899,1),(900,1),(901,1),(902,6),(903,12),(904,1),(905,1),(906,1),(907,1),(908,1),(909,6),(910,1),(911,1),(912,1),(913,1),(914,1),(915,1),(916,17),(917,1),(918,12),(919,1),(920,6),(921,1),(922,1),(923,6),(924,6),(925,6),(926,1),(927,3),(928,12),(929,21),(930,6),(931,1),(932,6),(933,17),(934,1),(935,1),(936,3),(937,1),(938,3),(939,3),(940,1),(941,1),(942,1),(943,6),(944,12),(945,1),(946,3),(947,1),(948,192),(949,12),(950,1),(951,1),(952,3),(953,12),(954,3),(955,1),(956,1),(957,1),(958,1),(959,1),(960,1),(961,12),(962,12),(963,1),(964,6),(965,3),(966,1),(967,1),(968,12),(969,1),(970,37),(971,6),(972,12),(973,6),(974,1),(975,1),(976,3),(977,1),(978,1),(979,1),(980,17),(981,3),(982,12),(983,17),(984,1),(985,1),(986,1),(987,12),(988,1),(989,1),(990,37),(991,1),(992,1),(993,37),(994,3),(995,3),(996,3),(997,21),(998,17),(999,1),(2,1001),(3,1002),(4,1003),(5,1004),(6,1005),(7,1005),(8,1005),(9,1001),(10,1004),(11,1004),(12,1005),(13,1004),(14,1001),(15,1005),(16,1015),(17,1005),(18,1001),(19,1001),(20,1005),(21,1020),(22,1004),(23,1015),(24,1015),(25,1003),(26,1005),(27,1001),(28,1005),(29,1015),(30,1005),(31,1001),(32,1005),(33,1002),(35,1003),(36,1004),(37,1020),(38,1004),(39,1005),(40,1001),(41,1004),(43,1005),(44,1001),(45,1005),(46,1002),(47,1001),(48,1047),(49,1005),(50,1047),(51,1003),(52,1001),(53,1001),(54,1004),(56,1002),(57,1015),(58,1003),(59,1002),(60,1047),(62,1020),(63,1062),(64,1005),(65,1005),(66,1005),(67,1001),(68,1001),(69,1005),(70,1004),(71,1001),(72,1005),(73,1001),(74,1001),(75,1001),(76,1047),(77,1005),(78,1020),(79,1001),(80,1020),(81,1004),(82,1005),(83,1005),(84,1047),(85,1005),(86,1001),(87,1001),(88,1015),(90,1002),(91,1004),(92,1001),(93,1020),(94,1001),(95,1004),(96,1005),(97,1005),(98,1005),(99,1001),(100,1005),(101,1005),(102,1005),(103,1005),(105,1005),(106,1005),(107,1005),(108,1001),(109,1004),(110,1003),(112,1004),(113,1004),(114,1002),(115,1005),(116,1002),(117,1002),(118,1001),(119,1004),(121,1004),(122,1002),(123,1001),(124,1005),(125,1020),(126,1005),(127,1005),(128,1005),(129,1020),(130,1020),(132,1004),(134,1004),(135,1002),(136,1001),(137,1002),(138,1001),(139,1002),(140,1002),(141,1005),(142,1005),(143,1005),(144,1005),(145,1005),(147,1020),(148,1005),(149,1004),(151,1003),(152,1001),(154,1153),(155,1005),(156,1005),(157,1005),(159,1002),(160,1001),(161,1047),(163,1005),(165,1004),(166,1003),(167,1005),(168,1005),(170,1047),(171,1005),(172,1015),(173,1004),(174,1005),(175,1005),(178,1001),(179,1005),(181,1005),(182,1004),(183,1005),(184,1004),(185,1001),(186,1005),(187,1005),(188,1004),(190,1003),(191,1005),(192,1020),(194,1020),(195,1001),(196,1005),(197,1005),(198,1001),(199,1002),(200,1005),(201,1005),(203,1001),(204,1001),(206,1004),(207,1001),(208,1002),(209,1005),(210,1005),(211,1005),(212,1005),(213,1005),(214,1005),(215,1005),(216,1003),(218,1005),(219,1005),(220,1062),(221,1015),(222,1047),(223,1015),(225,1001),(226,1005),(227,1004),(228,1004),(229,1002),(230,1005),(231,1005),(232,1004),(234,1005),(235,1005),(237,1003),(238,1020),(239,1004),(240,1005),(241,1004),(242,1005),(243,1005),(244,1001),(247,1001),(248,1005),(249,1005),(250,1020),(251,1002),(252,1005),(253,1005),(254,1005),(255,1002),(256,1002),(257,1004),(258,1004),(259,1047),(260,1002),(261,1062),(262,1005),(263,1001),(264,1001),(265,1005),(266,1047),(267,1005),(268,1020),(269,1005),(270,1020),(271,1005),(272,1005),(273,1062),(274,1005),(275,1004),(277,1001),(278,1005),(279,1001),(280,1005),(281,1005),(282,1047),(283,1001),(284,1003),(285,1005),(286,1001),(287,1002),(288,1004),(289,1005),(290,1004),(291,1002),(292,1005),(294,1005),(295,1001),(296,1003),(297,1005),(298,1005),(299,1005),(300,1020),(301,1004),(302,1005),(303,1302),(304,1005),(305,1047),(306,1015),(307,1004),(308,1005),(309,1005),(310,1020),(311,1005),(312,1005),(313,1003),(314,1015),(315,1001),(316,1005),(319,1004),(320,1004),(322,1005),(323,1005),(324,1005),(325,1005),(326,1005),(327,1326),(328,1020),(330,1001),(332,1015),(333,1005),(334,1005),(335,1005),(336,1001),(337,1047),(338,1337),(339,1047),(341,1005),(342,1005),(343,1001),(345,1002),(346,1002),(347,1004),(348,1005),(350,1005),(351,1004),(352,1001),(353,1020),(354,1001),(355,1005),(356,1002),(357,1005),(358,1002),(360,1002),(361,1002),(362,1002),(363,1005),(364,1001),(365,1002),(366,1001),(367,1001),(368,1004),(369,1005),(371,1005),(372,1004),(373,1047),(374,1005),(376,1002),(377,1001),(378,1001),(380,1004),(381,1005),(382,1015),(383,1005),(384,1005),(385,1005),(387,1005),(388,1002),(389,1002),(390,1005),(391,1015),(392,1015),(393,1001),(394,1047),(395,1005),(396,1062),(397,1015),(398,1004),(399,1020),(400,1005),(401,1020),(402,1015),(403,1004),(404,1005),(405,1003),(406,1020),(407,1004),(409,1005),(410,1005),(411,1004),(412,1015),(413,1004),(414,1047),(415,1005),(416,1005),(417,1004),(418,1003),(419,1047),(420,1005),(422,1001),(423,1005),(424,1001),(425,1004),(426,1004),(427,1002),(428,1005),(429,1005),(431,1001),(432,1005),(433,1015),(434,1002),(435,1004),(437,1005),(438,1002),(439,1005),(440,1062),(441,1001),(442,1005),(444,1002),(445,1004),(447,1001),(448,1005),(449,1015),(450,1001),(451,1005),(452,1047),(453,1005),(454,1005),(455,1005),(456,1062),(457,1001),(458,1005),(459,1001),(460,1020),(461,1020),(462,1005),(463,1062),(464,1002),(465,1004),(466,1004),(467,1001),(468,1001),(469,1004),(470,1001),(471,1062),(472,1005),(473,1005),(474,1005),(475,1005),(476,1020),(477,1004),(478,1004),(479,1005),(480,1005),(481,1004),(482,1005),(483,1015),(484,1005),(485,1004),(486,1002),(487,1047),(488,1003),(489,1002),(490,1020),(491,1005),(492,1004),(493,1003),(494,1001),(495,1005),(496,1005),(497,1001),(498,1005),(499,1004),(500,1001),(501,1005),(502,1004),(504,1001),(505,1002),(506,1002),(507,1005),(508,1020),(509,1005),(510,1005),(511,1001),(512,1005),(513,1005),(514,1002),(515,1514),(516,1004),(517,1002),(518,1062),(519,1062),(520,1004),(522,1001),(523,1020),(524,1001),(525,1004),(526,1005),(527,1337),(528,1005),(529,1005),(530,1005),(531,1005),(532,1005),(533,1005),(534,1005),(535,1062),(536,1005),(537,1004),(538,1047),(539,1002),(540,1005),(542,1015),(543,1005),(545,1001),(546,1003),(548,1005),(549,1002),(550,1005),(552,1001),(553,1005),(554,1015),(555,1005),(556,1002),(557,1005),(558,1005),(559,1001),(560,1002),(561,1005),(562,1005),(563,1005),(565,1004),(566,1005),(567,1005),(568,1002),(570,1005),(571,1005),(572,1005),(573,1015),(574,1002),(575,1002),(576,1005),(577,1001),(579,1003),(580,1003),(582,1001),(583,1005),(584,1001),(585,1005),(586,1005),(587,1005),(589,1005),(590,1003),(591,1062),(592,1004),(593,1005),(594,1514),(595,1004),(596,1004),(597,1005),(598,1001),(599,1001),(600,1004),(601,1005),(602,1005),(603,1047),(604,1001),(605,1047),(607,1001),(608,1015),(610,1005),(611,1002),(614,1005),(616,1020),(617,1005),(618,1005),(619,1005),(620,1001),(621,1005),(622,1005),(623,1062),(625,1020),(627,1004),(628,1005),(629,1005),(630,1005),(631,1005),(632,1005),(633,1005),(634,1005),(635,1004),(637,1005),(638,1005),(639,1005),(640,1001),(641,1003),(642,1020),(643,1005),(644,1005),(645,1015),(646,1004),(647,1005),(648,1001),(649,1002),(650,1005),(651,1003),(652,1002),(653,1005),(654,1005),(655,1062),(656,1003),(657,1004),(658,1005),(659,1003),(660,1003),(661,1047),(662,1003),(663,1005),(664,1004),(666,1005),(667,1005),(668,1667),(669,1020),(670,1002),(671,1004),(673,1002),(674,1020),(675,1020),(676,1004),(677,1001),(678,1005),(679,1005),(681,1002),(683,1020),(684,1005),(685,1015),(686,1002),(687,1047),(688,1020),(689,1005),(690,1001),(692,1015),(694,1047),(695,1005),(696,1005),(697,1005),(700,1514),(701,1005),(702,1005),(703,1062),(704,1001),(705,1005),(706,1005),(707,1003),(709,1003),(710,1001),(712,1004),(713,1005),(714,1003),(715,1005),(716,1001),(717,1001),(718,1004),(719,1004),(720,1001),(721,1005),(722,1001),(723,1005),(724,1005),(725,1020),(726,1005),(727,1005),(728,1005),(729,1005),(731,1003),(732,1020),(734,1001),(735,1005),(736,1001),(737,1001),(738,1001),(739,1005),(740,1005),(741,1005),(742,1020),(743,1020),(745,1003),(747,1004),(749,1004),(750,1005),(751,1015),(752,1002),(753,1002),(754,1003),(755,1002),(756,1005),(757,1001),(758,1001),(759,1002),(760,1005),(761,1005),(762,1005),(763,1005),(765,1005),(767,1514),(769,1003),(770,1005),(771,1003),(772,1005),(773,1004),(774,1005),(775,1005),(776,1005),(777,1005),(778,1005),(779,1004),(780,1015),(781,1003),(782,1002),(783,1001),(784,1001),(786,1004),(788,1004),(789,1047),(790,1001),(791,1020),(792,1005),(793,1001),(794,1003),(795,1015),(796,1002),(797,1020),(798,1001),(799,1003),(800,1002),(801,1005),(802,1015),(803,1005),(805,1062),(806,1004),(807,1005),(808,1001),(809,1002),(810,1005),(813,1005),(814,1015),(815,1001),(816,1003),(818,1001),(819,1005),(820,1004),(821,1002),(823,1005),(824,1004),(825,1015),(827,1005),(828,1001),(829,1004),(830,1005),(831,1047),(832,1003),(833,1001),(834,1005),(835,1002),(836,1001),(837,1020),(838,1005),(839,1004),(840,1004),(841,1001),(842,1002),(843,1003),(844,1005),(845,1005),(846,1005),(847,1004),(848,1062),(849,1015),(850,1005),(851,1004),(853,1005),(854,1005),(855,1005),(856,1001),(858,1015),(859,1001),(860,1005),(861,1005),(862,1005),(863,1004),(865,1004),(866,1001),(868,1005),(869,1001),(870,1020),(871,1015),(872,1020),(874,1004),(875,1004),(876,1020),(877,1002),(878,1004),(879,1001),(880,1003),(881,1004),(882,1004),(883,1001),(884,1005),(885,1002),(886,1005),(887,1005),(888,1005),(889,1002),(891,1005),(892,1001),(893,1004),(894,1003),(895,1005),(898,1005),(899,1001),(900,1004),(901,1004),(902,1005),(903,1047),(904,1003),(906,1003),(907,1004),(908,1004),(909,1005),(910,1001),(912,1003),(913,1004),(914,1004),(915,1004),(916,1005),(917,1004),(918,1047),(919,1001),(920,1005),(921,1003),(922,1003),(923,1005),(924,1002),(925,1005),(926,1003),(927,1005),(928,1002),(929,1002),(930,1005),(931,1001),(932,1005),(933,1005),(934,1001),(935,1004),(936,1005),(937,1001),(938,1062),(939,1005),(941,1001),(942,1004),(943,1005),(944,1015),(945,1001),(946,1005),(947,1004),(948,1062),(949,1015),(951,1001),(952,1005),(953,1062),(954,1005),(955,1004),(956,1004),(957,1001),(959,1004),(960,1003),(961,1005),(962,1005),(964,1005),(965,1005),(966,1004),(967,1001),(968,1005),(969,1001),(970,1020),(971,1005),(972,1015),(973,1005),(975,1003),(976,1005),(978,1004),(980,1005),(981,1005),(982,1047),(983,1005),(985,1001),(986,1153),(987,1047),(988,1001),(990,1005),(992,1003),(993,1005),(994,1062),(995,1002),(996,1005),(997,1020),(998,1005),(2,1004),(3,1005),(6,1004),(8,1001),(9,1004),(12,1003),(14,1004),(15,1003),(16,1005),(17,1001),(18,1004),(19,1004),(20,1003),(21,1005),(23,1005),(24,1002),(27,1004),(28,1001),(29,1002),(30,1004),(31,1004),(32,1153),(33,1005),(35,1004),(37,1005),(39,1001),(44,1004),(45,1004),(46,1005),(47,1004),(48,1005),(49,1001),(50,1005),(53,1004),(56,1005),(57,1005),(58,1004),(59,1005),(60,1337),(62,1005),(63,1005),(64,1302),(66,2059),(67,1004),(68,1004),(69,1001),(71,1004),(72,1003),(73,1004),(74,1004),(75,1004),(76,1062),(78,1005),(79,1004),(80,1002),(84,1337),(85,1001),(86,1004),(88,1020),(90,1005),(92,1003),(93,1002),(96,1003),(97,1003),(99,1004),(100,1001),(102,1003),(103,1004),(105,1003),(106,1004),(108,1004),(114,1005),(116,1005),(117,1005),(118,1004),(122,1005),(125,1005),(126,1003),(128,1004),(129,1005),(130,1005),(135,1005),(136,1004),(137,1005),(138,1004),(139,1005),(140,1005),(141,1004),(142,1004),(143,1001),(144,1004),(145,1001),(147,1005),(148,1004),(151,1004),(152,1004),(154,1004),(155,1003),(156,1003),(157,1003),(159,1005),(160,1004),(161,1005),(163,1001),(167,1004),(168,1004),(170,1337),(172,1002),(175,1001),(178,1004),(181,1667),(183,1001),(186,1003),(187,1001),(190,1004),(191,1001),(192,1005),(194,1005),(195,1004),(197,1003),(199,1005),(200,1003),(201,1302),(204,1004),(207,1003),(208,1005),(209,1001),(210,1001),(212,1003),(213,1001),(214,1001),(215,1003),(219,1003),(220,1005),(221,1005),(222,1005),(223,1002),(225,1004),(226,1003),(229,1005),(230,1003),(231,1003),(234,1003),(235,1001),(238,1005),(240,1001),(242,1001),(243,1004),(244,1004),(247,1004),(249,1003),(250,1005),(251,1005),(252,1302),(254,1004),(255,1005),(256,1005),(259,1337),(260,1005),(261,1020),(262,1004),(263,1004),(264,1004),(265,1004),(266,1002),(268,1005),(269,1667),(270,1005),(271,1001),(272,1003),(273,1020),(274,1001),(277,1004),(278,1003),(280,1004),(281,1003),(282,1005),(283,1004),(285,1001),(286,1004),(287,1005),(289,1003),(291,1005),(292,1003),(294,1302),(296,1004),(298,1003),(299,1003),(300,1002),(302,1001),(303,1003),(305,1005),(306,1002),(309,1001),(310,1002),(313,1004),(314,1002),(315,1004),(316,1004),(322,1001),(323,1001),(326,1004),(328,1005),(330,1004),(332,1005),(333,1001),(334,1001),(335,1004),(337,1002),(338,1002),(339,1005),(341,1003),(342,1004),(343,1004),(345,1005),(346,1005),(350,1001),(352,1004),(353,1005),(354,1003),(355,1004),(356,1005),(357,1001),(358,1005),(360,1005),(361,1005),(362,1005),(364,1004),(365,1005),(366,1004),(367,1004),(369,1003),(373,1020),(374,1001),(376,1005),(377,1004),(378,1003),(381,1001),(382,1005),(383,1004),(384,1001),(385,1003),(387,1003),(388,1005),(389,1005),(390,1001),(391,1002),(392,1005),(393,1004),(394,1337),(395,1003),(396,1020),(397,1020),(399,1005),(400,1001),(401,1005),(402,1047),(404,1004),(406,1005),(410,1001),(412,1020),(414,1005),(416,1001),(418,1004),(419,1005),(420,1001),(423,1001),(424,1004),(427,1005),(428,1003),(429,1001),(431,1004),(432,1001),(433,1020),(434,1005),(437,1004),(438,1005),(440,1005),(444,1005),(447,1004),(448,1001),(449,1005),(450,1004),(451,1004),(452,1337),(453,1004),(454,1003),(455,1003),(456,1005),(458,1003),(459,1004),(460,1005),(461,1002),(462,1003),(463,1020),(464,1005),(467,1003),(468,1004),(470,1004),(471,1005),(472,1003),(473,1003),(474,1004),(475,1004),(476,1005),(479,1001),(480,1001),(482,1004),(483,1020),(484,1001),(486,1005),(487,1002),(488,1004),(489,1005),(490,1005),(493,1004),(494,1004),(496,1004),(497,1004),(498,1001),(500,1004),(504,1004),(505,1005),(506,1005),(507,1004),(508,1002),(509,1001),(511,1004),(512,1302),(514,1005),(515,1015),(517,1005),(518,1020),(519,1020),(522,1003),(523,1005),(524,1004),(526,1003),(527,1002),(528,1302),(529,1004),(530,1001),(531,1001),(532,1001),(533,1003),(534,1001),(535,1020),(536,1001),(538,1005),(539,1005),(540,1004),(542,1005),(543,1047),(545,1004),(548,1004),(549,1005),(550,1003),(552,1004),(553,1001),(554,1005),(555,1004),(556,1005),(557,1001),(558,1003),(559,1003),(560,1005),(561,1001),(562,1003),(563,1001),(566,1302),(567,1004),(568,1005),(571,1003),(572,1003),(573,1020),(574,1005),(575,1005),(576,1003),(577,1004),(579,1004),(580,1004),(582,1004),(583,1003),(584,1004),(586,1003),(587,1003),(590,1004),(591,1020),(593,1003),(594,1015),(597,1001),(601,1004),(603,1020),(604,1004),(605,1005),(607,1003),(608,1005),(611,1005),(614,1004),(616,1005),(617,1001),(620,1004),(621,1001),(622,1004),(623,1005),(625,1002),(628,1001),(630,1004),(632,1004),(633,1003),(634,1003),(638,1001),(639,1004),(640,1004),(642,1005),(643,1001),(644,1001),(645,1047),(648,1003),(649,1005),(650,1003),(652,1005),(653,1302),(654,1003),(655,1005),(656,1004),(661,1005),(662,1004),(667,1001),(668,1003),(669,1005),(670,1005),(673,1005),(674,1005),(675,1005),(678,1003),(679,1004),(681,1005),(683,1005),(684,1004),(685,1005),(686,1005),(687,1005),(688,1005),(690,1004),(692,1020),(694,1005),(695,1003),(697,1001),(700,1020),(701,1003),(702,1003),(703,1020),(704,1004),(705,1302),(710,1004),(713,1004),(715,1001),(721,1001),(722,1004),(723,1004),(724,1003),(725,1002),(726,1003),(729,1004),(732,1005),(734,1004),(735,1004),(736,1004),(737,1004),(741,1003),(742,1005),(743,1002),(750,1004),(751,1005),(752,1005),(753,1005),(755,1005),(756,1004),(758,1004),(759,1005),(760,1001),(761,1004),(765,1004),(767,1015),(770,1001),(772,1302),(774,1004),(776,1003),(778,1003),(780,1047),(781,1004),(782,1005),(783,1003),(784,1003),(789,1005),(790,1004),(791,1005),(793,1004),(794,1004),(795,1002),(796,1005),(797,1005),(798,1004),(800,1005),(802,1020),(805,1020),(807,1001),(809,1005),(810,1302),(814,1047),(815,1004),(819,1003),(821,1005),(823,1003),(825,1005),(828,1004),(831,1337),(833,1004),(835,1005),(836,1004),(837,1005),(838,1001),(842,1005),(843,1004),(844,1004),(846,1003),(848,1020),(849,1020),(850,1001),(851,1326),(853,1003),(854,1001),(855,1004),(856,1004),(858,1005),(859,1003),(860,1004),(861,1004),(862,1004),(866,1004),(868,1001),(869,1004),(870,1005),(871,1005),(872,1005),(876,1005),(877,1005),(879,1003),(884,1003),(885,1005),(886,1001),(887,1001),(888,1003),(889,1005),(891,1004),(892,1004),(894,1004),(898,1004),(899,1004),(902,1003),(903,1005),(904,1004),(909,2059),(910,1003),(918,1005),(919,1004),(920,1302),(923,1004),(924,1005),(925,1004),(926,1004),(927,1003),(928,1005),(929,1005),(930,1001),(932,1001),(933,1004),(936,1001),(937,1004),(938,1002),(939,1004),(941,1004),(943,1003),(944,1047),(945,1004),(948,1020),(949,1005),(951,1004),(953,1005),(957,1004),(960,1004),(961,1003),(962,1003),(964,1004),(967,1004),(968,1004),(969,1004),(970,1005),(971,1003),(972,1047),(973,1004),(975,1004),(976,1001),(980,1003),(981,1003),(982,1005),(983,1001),(985,1004),(986,1003),(987,1005),(988,1004),(990,1001),(993,1001),(994,1005),(995,1005),(996,1003),(997,1005);
/*!40000 ALTER TABLE `HorrorMovies_Genres` ENABLE KEYS */;
UNLOCK TABLES;
/*!40103 SET TIME_ZONE=@OLD_TIME_ZONE */;

/*!40101 SET SQL_MODE=@OLD_SQL_MODE */;
/*!40014 SET FOREIGN_KEY_CHECKS=@OLD_FOREIGN_KEY_CHECKS */;
/*!40014 SET UNIQUE_CHECKS=@OLD_UNIQUE_CHECKS */;
/*!40101 SET CHARACTER_SET_CLIENT=@OLD_CHARACTER_SET_CLIENT */;
/*!40101 SET CHARACTER_SET_RESULTS=@OLD_CHARACTER_SET_RESULTS */;
/*!40101 SET COLLATION_CONNECTION=@OLD_COLLATION_CONNECTION */;
/*!40111 SET SQL_NOTES=@OLD_SQL_NOTES */;

-- Dump completed on 2019-07-04  0:22:27
